customer_id,order_id,order_date,product_id,product_category,product_price,quantity,revenue,discount,web_traffic_source,customer_region,customer_age
52,1001,2024-03-21,134,Sports,392,3,132.4914829,45,Google,London,28
93,1002,2023-11-17,108,Electronics,77,4,179.868736,43,Google,South East,23
15,1003,2024-01-26,140,Sports,375,1,350.9856459,43,Facebook,North West,34
72,1004,2024-04-10,183,Sports,381,3,540.4318797,30,Direct,Midlands,18
61,1005,2024-08-19,142,Home Decor,223,3,336.9648562,32,Facebook,South West,18
21,1006,2024-06-08,141,Clothing,152,4,616.5283374,9,Instagram,South West,22
83,1007,2024-04-13,106,Clothing,385,2,195.0501565,44,Instagram,London,28
87,1008,2024-09-24,152,Sports,241,4,294.0708076,38,Email,North West,24
75,1009,2023-10-10,126,Electronics,222,3,447.3017465,18,Google,South East,24
75,1010,2024-04-29,164,Clothing,88,3,501.2969253,8,Email,South East,38
88,1011,2024-07-04,198,Electronics,223,2,209.0929174,47,Instagram,London,27
100,1012,2024-05-30,159,Electronics,125,2,488.1317925,28,Instagram,North West,27
24,1013,2024-07-19,156,Books,101,2,137.3166152,50,Google,North West,25
3,1014,2023-12-27,159,Sports,279,4,382.8647344,31,Email,London,23
22,1015,2023-12-10,170,Electronics,420,2,801.79340235,20,Instagram,London,26
53,1016,2023-12-28,133,Books,390,3,637.90915785,23,Email,South East,29
2,1017,2024-08-10,153,Sports,498,3,569.03081715,23,Instagram,London,42
88,1018,2024-04-11,122,Clothing,177,1,228.698289,48,Instagram,South East,31
30,1019,2023-11-09,121,Home Decor,67,4,432.1836635,14,Google,South East,18
38,1020,2023-12-27,170,Clothing,293,1,679.8156706,0,Instagram,Midlands,26
2,1021,2024-03-23,170,Clothing,35,3,580.54878375,27,Google,North West,24
64,1022,2023-12-28,104,Clothing,378,1,590.1467052,3,Facebook,North West,18
60,1023,2024-09-02,194,Clothing,456,3,552.52358685,30,Instagram,North West,18
21,1024,2024-03-14,175,Clothing,75,1,697.2721596,25,Google,Midlands,32
33,1025,2023-10-26,162,Sports,418,2,697.2379338,21,Direct,South East,35
76,1026,2024-08-29,162,Electronics,257,1,500.61640800000004,22,Email,South East,35
58,1027,2023-12-12,194,Home Decor,263,2,659.2359285,20,Email,London,25
22,1028,2024-06-22,195,Books,396,2,225.6447418,39,Direct,North West,36
89,1029,2024-01-24,124,Home Decor,465,4,298.3094906,41,Instagram,London,31
49,1030,2024-05-31,155,Books,53,2,284.8965007,39,Instagram,North West,35
91,1031,2024-04-15,109,Electronics,106,2,201.5226857,50,Email,London,28
59,1032,2024-08-31,103,Electronics,51,1,509.8317392,16,Direct,South West,18
42,1033,2024-09-03,131,Electronics,236,3,222.8527866,43,Direct,North West,18
92,1034,2024-01-08,140,Clothing,271,4,304.433991,36,Facebook,North West,18
60,1035,2024-03-26,136,Sports,176,2,319.3964145,39,Facebook,North West,27
80,1036,2024-05-31,124,Clothing,445,4,147.6742801,47,Google,North West,18
15,1037,2024-07-12,195,Books,288,1,619.85379375,25,Email,North West,18
62,1038,2024-02-25,106,Sports,98,2,204.25545,47,Google,South East,37
62,1039,2024-02-25,166,Home Decor,388,1,480.33587235000005,27,Direct,South West,18
47,1040,2024-07-15,184,Home Decor,187,4,181.2548797,44,Instagram,North West,28
62,1041,2024-06-22,192,Sports,436,1,382.4389203,35,Facebook,London,32
51,1042,2024-04-03,175,Sports,412,4,251.8763547,41,Direct,Midlands,18
55,1043,2024-02-05,104,Clothing,206,1,617.872537,8,Instagram,North West,18
64,1044,2023-11-02,179,Clothing,316,4,287.9577886,45,Instagram,South East,28
3,1045,2023-11-01,106,Home Decor,276,3,227.4812319,50,Instagram,South West,35
51,1046,2024-04-20,194,Home Decor,277,1,366.7901707,32,Direct,South East,28
7,1047,2024-06-01,151,Sports,83,1,238.0166855,35,Instagram,South West,18
21,1048,2024-02-29,162,Clothing,17,3,584.1474855,8,Instagram,North West,29
73,1049,2024-03-12,157,Electronics,417,3,167.7212977,50,Direct,North West,24
39,1050,2024-04-01,166,Electronics,485,1,624.793897,4,Google,London,37
18,1051,2023-10-29,179,Home Decor,306,3,515.6802102,29,Direct,North West,36
4,1052,2024-07-17,175,Sports,173,2,487.9099931,5,Facebook,London,23
89,1053,2024-02-06,108,Books,494,4,507.1145016,13,Google,North West,18
60,1054,2024-02-06,126,Electronics,94,4,492.8424354,13,Email,North West,18
14,1055,2023-11-23,151,Books,81,4,206.8056922,31,Google,South West,35
9,1056,2023-11-08,145,Home Decor,64,2,164.7952042,45,Google,Midlands,24
90,1057,2024-06-01,144,Clothing,402,3,520.5824391,5,Email,North West,31
53,1058,2024-06-30,105,Home Decor,56,3,484.3922769,17,Email,South East,27
2,1059,2024-08-31,170,Sports,408,1,331.0771322,37,Email,South East,34
84,1060,2024-01-14,126,Books,441,3,681.71402295,22,Direct,London,38
92,1061,2023-11-12,168,Books,247,1,351.7428353,33,Instagram,South East,20
60,1062,2023-11-01,119,Books,113,2,486.627876,12,Direct,South East,21
71,1063,2024-06-14,184,Home Decor,219,4,223.2809875,41,Instagram,South West,23
44,1064,2024-08-17,197,Sports,51,4,624.8308388,6,Instagram,North West,18
8,1065,2023-11-27,120,Clothing,325,4,546.2984455,5,Instagram,South East,43
47,1066,2024-07-18,112,Clothing,477,3,301.9673733,41,Facebook,North West,27
35,1067,2024-09-23,147,Home Decor,463,1,661.4298279,0,Google,North West,27
78,1068,2024-01-28,101,Books,277,1,538.6707825,28,Facebook,London,28
81,1069,2024-06-24,190,Electronics,395,2,217.0304694,46,Instagram,London,39
36,1070,2023-12-22,114,Home Decor,272,3,564.7117766,10,Facebook,North West,25
50,1071,2023-12-31,164,Home Decor,345,2,159.5959829,47,Email,North West,23
4,1072,2024-01-08,138,Sports,396,1,258.3048289,40,Google,South West,19
2,1073,2023-11-23,137,Clothing,374,1,514.1550246,12,Email,Midlands,26
6,1074,2024-01-30,111,Electronics,268,4,562.4122228,7,Google,South East,20
54,1075,2023-12-24,200,Books,292,3,555.4984072,7,Instagram,South West,29
4,1076,2024-04-21,177,Books,123,1,301.9281481,46,Google,South West,18
54,1077,2024-08-20,103,Clothing,372,4,593.4790917,27,Google,South East,33
93,1078,2024-06-19,133,Electronics,49,3,246.0086156,41,Google,South East,18
63,1079,2023-11-17,106,Sports,495,2,202.7137142,43,Facebook,South West,26
18,1080,2024-02-05,150,Electronics,426,3,595.54278855,30,Email,South West,34
90,1081,2024-02-09,110,Books,229,3,265.4309487,33,Instagram,South West,19
44,1082,2024-09-21,105,Clothing,138,1,305.1882698,39,Google,South East,19
34,1083,2024-03-29,123,Books,17,1,528.0238691,10,Direct,North West,22
74,1084,2024-08-30,110,Sports,110,3,452.7012073,12,Instagram,London,27
62,1085,2024-02-21,144,Books,425,1,703.0537392,22,Email,South East,18
100,1086,2024-02-26,102,Sports,389,1,613.2594472,3,Direct,London,45
14,1087,2024-05-15,113,Sports,185,1,222.0266724,39,Facebook,North West,39
95,1088,2024-07-06,140,Home Decor,116,4,291.6897732,32,Instagram,South East,23
48,1089,2024-04-25,102,Sports,110,4,291.072519,41,Google,North West,35
15,1090,2024-09-06,184,Sports,269,3,291.5072861,32,Google,South West,25
72,1091,2023-11-18,165,Clothing,487,1,199.1124659,46,Instagram,North West,21
78,1092,2024-08-01,163,Electronics,463,4,223.3809409,37,Direct,Midlands,40
87,1093,2023-12-09,173,Electronics,375,3,277.2117033,35,Instagram,South West,18
62,1094,2024-03-18,117,Electronics,255,1,506.2502162,18,Instagram,North West,36
40,1095,2024-03-12,109,Sports,284,2,534.8857515,28,Google,South West,22
85,1096,2024-01-04,175,Clothing,41,1,756.83791635,21,Email,South East,22
80,1097,2024-04-15,115,Books,146,1,265.8929631,36,Google,South West,42
82,1098,2024-01-03,124,Clothing,21,4,641.98931115,22,Instagram,Midlands,22
53,1099,2024-06-13,138,Books,404,3,626.3670987,13,Direct,South West,18
24,1100,2024-03-27,135,Clothing,311,3,504.6880102,14,Google,North West,58
26,1101,2024-07-19,194,Clothing,384,4,661.0495053,0,Instagram,North West,31
89,1102,2024-07-31,195,Sports,25,1,393.0498492,16,Direct,South West,31
60,1103,2024-09-14,149,Clothing,138,2,576.3167795,7,Google,North West,31
41,1104,2024-01-07,169,Home Decor,72,1,237.0473472,43,Facebook,North West,18
29,1105,2023-11-12,162,Sports,118,1,719.5531880999999,25,Instagram,Midlands,31
15,1106,2024-04-19,160,Clothing,384,2,602.1020742,2,Direct,South East,22
45,1107,2023-10-01,150,Books,30,4,551.72137875,24,Instagram,Midlands,39
65,1108,2023-11-13,178,Electronics,167,3,484.1851968,16,Facebook,London,32
89,1109,2023-10-24,175,Home Decor,278,4,635.0537576,0,Email,Midlands,36
71,1110,2024-04-05,109,Books,171,4,646.4528362,0,Direct,South West,27
9,1111,2024-02-08,134,Clothing,269,1,462.1606587,8,Facebook,South East,27
88,1112,2024-01-07,176,Books,421,3,279.0113568,34,Facebook,South West,26
1,1113,2023-12-02,199,Electronics,111,3,213.0206225,48,Email,London,21
8,1114,2024-05-10,135,Electronics,232,4,613.2919341,0,Google,South East,44
88,1115,2024-02-01,101,Clothing,68,2,290.4851619,32,Google,North West,26
63,1116,2023-12-22,140,Sports,256,4,301.5362954,36,Instagram,Midlands,41
11,1117,2024-05-15,164,Clothing,137,2,653.0906902500001,24,Email,South West,31
81,1118,2024-02-26,122,Sports,292,3,174.8229661,48,Direct,London,33
8,1119,2024-04-27,160,Clothing,334,4,483.05634975000004,29,Direct,North West,18
35,1120,2023-11-20,164,Books,34,1,611.3514408,7,Email,Midlands,18
35,1121,2024-06-27,193,Books,140,4,143.0303653,50,Direct,North West,37
33,1122,2023-11-11,172,Books,362,3,580.2204838,13,Google,Midlands,28
5,1123,2023-11-28,111,Electronics,205,1,660.2272164000001,24,Direct,South East,33
41,1124,2024-04-11,114,Electronics,290,1,698.65080825,21,Facebook,North West,30
28,1125,2023-11-06,160,Clothing,413,2,163.2504561,44,Email,North West,19
7,1126,2024-06-23,130,Electronics,427,1,569.2992223,4,Email,North West,33
73,1127,2023-12-26,135,Sports,163,1,655.9558469,0,Direct,South East,18
72,1128,2023-11-13,185,Clothing,391,4,183.53102,43,Facebook,London,27
12,1129,2024-09-25,137,Electronics,142,3,172.4480923,47,Email,Midlands,33
34,1130,2023-10-12,105,Home Decor,236,2,624.07538865,20,Instagram,North West,26
33,1131,2024-06-15,183,Electronics,198,4,363.9957922,16,Instagram,South East,25
48,1132,2024-08-03,178,Electronics,485,1,252.2198439,35,Google,London,31
23,1133,2023-12-20,126,Sports,486,1,606.2809011,0,Direct,Midlands,38
62,1134,2023-11-02,162,Books,274,2,544.4995653,4,Facebook,South East,18
88,1135,2024-03-31,104,Clothing,381,3,671.4278855,0,Direct,Midlands,33
37,1136,2024-02-06,189,Electronics,495,2,591.8324058,7,Direct,North West,24
99,1137,2024-07-21,142,Books,443,4,526.5918212,14,Email,London,37
44,1138,2024-07-02,189,Electronics,143,2,575.0685903000001,25,Instagram,South East,27
86,1139,2024-03-23,118,Sports,220,1,289.3906032,41,Facebook,London,29
91,1140,2023-11-12,140,Sports,69,4,700.05138405,20,Instagram,North West,18
35,1141,2024-04-02,172,Books,437,1,477.10158705,28,Email,London,18
65,1142,2023-12-17,139,Home Decor,386,3,575.70664785,21,Direct,London,18
99,1143,2024-07-13,114,Clothing,404,1,639.9699352499999,26,Email,South West,18
47,1144,2024-07-07,132,Home Decor,459,1,622.7896407,25,Email,London,18
78,1145,2024-02-03,151,Clothing,440,2,189.0329959,39,Facebook,Midlands,34
3,1146,2024-06-15,138,Books,373,1,217.1983275,40,Facebook,South East,25
1,1147,2023-10-04,197,Clothing,373,4,381.4558809,34,Google,South West,37
5,1148,2024-01-03,123,Sports,466,4,336.3517804,34,Instagram,South East,37
90,1149,2024-05-14,163,Electronics,222,3,661.1478288,2,Facebook,South East,34
14,1150,2024-09-28,115,Electronics,225,4,298.6757505,38,Direct,North West,18
27,1151,2024-06-26,197,Books,235,2,225.958643,42,Direct,North West,34
9,1152,2024-07-23,125,Sports,479,3,264.3698316,42,Google,South West,34
79,1153,2024-08-24,117,Home Decor,140,4,190.613732,48,Instagram,North West,39
15,1154,2023-10-20,197,Sports,85,2,205.0563216,43,Facebook,North West,21
90,1155,2024-01-04,166,Electronics,485,4,235.8433219,41,Google,North West,21
42,1156,2024-08-24,178,Electronics,295,4,468.5001822,14,Direct,South East,32
77,1157,2024-06-05,153,Sports,483,1,387.37328579999996,27,Facebook,South West,26
51,1158,2024-03-29,151,Sports,286,4,174.0970086,45,Instagram,South East,38
63,1159,2024-08-19,139,Electronics,165,4,673.39746945,24,Google,Midlands,18
96,1160,2024-08-13,151,Home Decor,257,2,534.8270807,10,Direct,South East,20
52,1161,2024-06-27,170,Books,227,2,591.5601866,5,Facebook,Midlands,47
96,1162,2024-09-17,106,Books,199,1,182.474514,46,Facebook,London,39
4,1163,2024-06-17,167,Sports,426,4,312.5588417,37,Facebook,London,39
94,1164,2024-05-25,107,Clothing,478,1,231.8303661,36,Instagram,Midlands,27
23,1165,2024-02-17,151,Clothing,172,4,447.9265819,16,Instagram,Midlands,18
15,1166,2023-12-26,172,Sports,189,3,237.0086538,35,Instagram,South East,44
43,1167,2024-01-18,142,Sports,43,3,623.6345265,8,Google,North West,40
29,1168,2024-08-27,164,Sports,50,1,234.2285226,39,Google,South West,24
36,1169,2024-04-02,115,Sports,316,1,654.56846355,23,Direct,London,18
13,1170,2023-10-17,129,Home Decor,440,1,499.8957772,12,Instagram,London,21
32,1171,2024-03-01,133,Home Decor,347,2,571.3231563,8,Instagram,Midlands,18
71,1172,2024-02-27,194,Sports,323,2,409.281567,17,Facebook,North West,22
59,1173,2024-01-19,127,Clothing,84,2,473.622082,14,Instagram,North West,18
86,1174,2023-10-26,136,Clothing,450,1,578.7555884,0,Email,Midlands,37
28,1175,2024-01-26,129,Books,288,4,307.7534616,31,Email,South West,40
66,1176,2023-12-23,138,Books,185,3,477.775712,16,Instagram,North West,20
42,1177,2024-03-10,157,Sports,393,1,622.5124386,3,Facebook,Midlands,38
45,1178,2024-09-25,197,Home Decor,159,2,493.85263635,24,Facebook,South West,18
62,1179,2024-05-16,127,Home Decor,282,2,230.0491119,42,Facebook,South West,18
57,1180,2024-06-08,155,Electronics,334,1,313.5347354,36,Google,South East,54
6,1181,2024-01-30,133,Home Decor,117,1,649.1165191499999,23,Instagram,South West,29
28,1182,2024-08-22,168,Electronics,148,2,515.9449197,11,Facebook,North West,37
28,1183,2024-07-14,186,Books,359,4,433.84236045,26,Email,North West,33
44,1184,2023-10-14,166,Home Decor,280,2,152.7375407,40,Direct,North West,35
84,1185,2024-08-23,110,Books,356,2,205.3708635,43,Direct,Midlands,29
30,1186,2024-04-02,105,Electronics,428,1,147.0183825,43,Instagram,South West,26
62,1187,2024-03-01,174,Electronics,298,4,650.5940076,21,Direct,London,26
75,1188,2023-12-19,197,Home Decor,221,2,240.9781003,48,Direct,South East,24
92,1189,2023-11-11,138,Home Decor,390,2,523.5337202,16,Google,London,27
89,1190,2024-07-01,113,Books,281,3,285.3635097,40,Instagram,South West,18
62,1191,2023-11-10,131,Books,427,1,465.8679981,18,Direct,South West,22
97,1192,2024-04-25,147,Clothing,75,3,655.2435133,2,Google,London,36
1,1193,2024-06-24,200,Clothing,492,3,225.5301958,38,Google,South East,23
27,1194,2024-03-15,188,Electronics,433,2,557.266841,0,Direct,London,18
62,1195,2024-01-20,152,Books,257,1,216.6642394,43,Instagram,Midlands,24
77,1196,2024-09-14,156,Clothing,165,4,442.5371076,19,Direct,North West,30
3,1197,2024-02-07,115,Electronics,56,2,431.2953129,28,Google,Midlands,20
70,1198,2024-05-11,129,Books,432,4,449.3221859,19,Email,North West,43
72,1199,2024-07-27,108,Books,463,4,427.46632289999997,28,Direct,South West,39
27,1200,2024-05-04,105,Electronics,210,1,588.4982019,29,Instagram,South East,18
9,1201,2023-10-25,129,Home Decor,157,3,459.64306,16,Direct,London,40
62,1202,2023-12-07,147,Sports,133,1,192.9348511,37,Direct,South East,19
37,1203,2024-06-16,168,Sports,10,4,283.7541131,34,Google,London,22
97,1204,2024-05-22,176,Sports,465,2,212.340888,41,Google,Midlands,34
51,1205,2024-04-22,145,Books,256,4,590.7658007,10,Email,Midlands,19
44,1206,2024-07-18,102,Sports,352,2,587.0228148,7,Email,London,22
24,1207,2024-05-02,127,Clothing,137,2,200.2104872,44,Google,North West,25
79,1208,2024-04-07,195,Clothing,200,1,383.2952232,32,Facebook,London,18
59,1209,2024-04-15,136,Sports,76,4,289.2169025,37,Google,South West,39
32,1210,2024-05-03,136,Clothing,13,3,584.2393289,5,Direct,Midlands,28
96,1211,2023-11-13,126,Clothing,451,4,236.5547355,38,Google,South West,25
88,1212,2023-11-02,143,Clothing,418,4,615.5002595999999,25,Google,Midlands,31
52,1213,2023-10-12,127,Books,312,3,537.3670204,11,Facebook,Midlands,19
62,1214,2024-01-13,169,Books,303,1,488.2238446,11,Direct,North West,30
58,1215,2024-04-30,120,Clothing,152,4,330.3758863,41,Instagram,South West,18
52,1216,2024-02-16,111,Electronics,200,4,189.6857382,41,Instagram,South West,23
12,1217,2024-03-31,174,Clothing,30,2,720.37903335,20,Email,North West,26
39,1218,2024-02-03,138,Home Decor,236,4,535.0360335,15,Google,South East,18
2,1219,2024-03-05,106,Clothing,322,3,562.2935244,23,Email,South West,25
3,1220,2024-01-20,172,Books,126,2,584.78773545,25,Facebook,London,29
56,1221,2024-06-15,123,Clothing,446,1,549.6581842,2,Instagram,North West,31
81,1222,2023-10-28,147,Electronics,311,2,249.6606637,45,Google,South West,33
59,1223,2024-05-05,190,Clothing,151,3,540.4080091,11,Facebook,South East,28
2,1224,2024-02-29,146,Electronics,493,3,291.0918235,42,Facebook,South West,28
2,1225,2024-08-05,112,Sports,469,2,321.9964007,33,Google,Midlands,29
92,1226,2024-08-03,190,Home Decor,410,1,324.5466314,36,Facebook,London,18
54,1227,2024-03-23,113,Electronics,48,2,536.0072352,15,Google,North West,18
87,1228,2024-02-26,162,Sports,402,1,530.4926986,3,Email,Midlands,18
96,1229,2023-10-30,182,Books,364,2,479.4614978,13,Direct,South East,35
97,1230,2023-12-07,189,Electronics,261,3,315.4066373,42,Email,Midlands,29
1,1231,2023-11-05,197,Books,342,4,191.2697809,44,Facebook,Midlands,34
19,1232,2024-07-22,160,Books,216,4,211.7529725,36,Facebook,North West,36
2,1233,2023-12-13,143,Books,219,1,550.3699644,0,Direct,Midlands,35
53,1234,2024-07-24,176,Clothing,124,1,687.32468415,23,Direct,North West,29
44,1235,2024-07-29,200,Clothing,234,1,146.3882718,48,Direct,South West,38
90,1236,2024-05-06,168,Sports,143,3,284.7289225,32,Instagram,Midlands,27
32,1237,2024-09-29,105,Clothing,260,2,534.3427447,13,Instagram,North West,23
70,1238,2024-06-16,137,Clothing,228,3,587.9224464,3,Instagram,South West,33
32,1239,2024-07-14,172,Electronics,416,4,323.9930938,36,Instagram,South West,18
68,1240,2024-06-22,192,Electronics,452,1,626.9666970000001,25,Facebook,North West,20
55,1241,2023-10-28,131,Electronics,100,2,245.3596215,44,Email,North West,45
75,1242,2024-04-17,109,Electronics,363,4,252.6758821,43,Google,Midlands,28
56,1243,2023-12-01,151,Clothing,385,4,501.8785369,10,Facebook,South East,28
17,1244,2024-09-06,129,Electronics,55,4,114.5262529,49,Facebook,South West,18
38,1245,2024-09-18,178,Books,47,3,121.1329066,48,Direct,Midlands,36
24,1246,2023-11-14,140,Books,151,1,514.0904582999999,30,Google,South West,44
69,1247,2024-07-17,141,Sports,109,4,235.3383259,33,Google,North West,27
98,1248,2023-12-28,186,Home Decor,337,1,673.76730615,25,Direct,London,25
70,1249,2023-11-03,111,Electronics,199,3,453.62763989999996,23,Facebook,Midlands,28
86,1250,2024-02-11,123,Clothing,44,4,455.6775127,11,Email,Midlands,38
11,1251,2024-05-20,101,Home Decor,156,3,611.5749175,8,Instagram,South West,29
16,1252,2024-06-12,146,Sports,39,3,520.6981814,10,Direct,North West,33
97,1253,2023-11-06,121,Home Decor,343,1,510.9290168,4,Facebook,South East,24
73,1254,2024-06-13,190,Books,93,4,561.1209801,27,Google,North West,22
59,1255,2024-07-17,136,Clothing,378,3,91.60557051,46,Email,North West,24
70,1256,2024-04-15,154,Books,290,4,658.4612261,0,Direct,South East,27
80,1257,2024-06-11,187,Electronics,433,1,599.0862691,9,Facebook,North West,24
93,1258,2023-12-20,157,Home Decor,353,3,163.9321756,45,Email,London,18
3,1259,2024-02-14,101,Books,279,1,280.5637277,41,Instagram,South West,33
20,1260,2024-04-07,163,Home Decor,163,4,660.3781962,0,Instagram,North West,18
59,1261,2024-02-07,154,Electronics,111,4,180.528219,44,Instagram,North West,19
36,1262,2024-04-27,155,Electronics,224,1,428.5122022,12,Facebook,London,35
19,1263,2024-07-18,140,Books,159,2,192.8398588,42,Facebook,Midlands,43
90,1264,2024-09-12,115,Home Decor,441,3,620.96990055,21,Direct,South West,41
67,1265,2024-03-17,121,Sports,92,4,706.5190073,5,Direct,North West,27
19,1266,2024-07-19,147,Clothing,119,4,546.9389453,12,Direct,South East,40
20,1267,2024-03-25,173,Books,444,3,585.59928945,23,Email,North West,27
96,1268,2023-10-26,153,Home Decor,396,1,189.1928811,40,Email,South West,18
71,1269,2024-08-19,109,Electronics,435,1,480.63555944999996,26,Email,North West,18
52,1270,2024-09-24,174,Books,284,1,581.9065436999999,24,Direct,London,20
33,1271,2024-07-18,152,Electronics,210,2,447.5290032,13,Google,North West,21
40,1272,2024-01-23,157,Home Decor,293,2,664.49224845,26,Direct,North West,24
39,1273,2024-07-13,126,Books,477,4,576.8801889,29,Google,South East,18
82,1274,2023-10-30,141,Electronics,182,1,606.1703409,9,Email,London,28
1,1275,2024-05-29,135,Electronics,336,3,602.5117654,0,Instagram,London,38
11,1276,2024-07-16,163,Sports,215,4,520.15007325,23,Instagram,North West,18
92,1277,2024-02-24,125,Clothing,72,3,479.0311481,16,Facebook,North West,47
57,1278,2024-06-30,190,Home Decor,82,4,491.8190837,12,Email,North West,19
89,1279,2024-05-09,175,Home Decor,260,2,204.9784968,40,Email,North West,27
50,1280,2024-09-05,138,Clothing,133,4,208.1314392,44,Instagram,South West,39
23,1281,2023-10-03,102,Clothing,384,2,211.593398,40,Email,South West,27
31,1282,2023-12-09,107,Electronics,130,4,527.3916838,6,Direct,South East,24
94,1283,2024-09-22,182,Home Decor,284,1,555.4078331,13,Direct,Midlands,35
42,1284,2023-11-14,191,Electronics,440,3,619.3228164,25,Facebook,South West,22
99,1285,2024-06-10,134,Sports,407,1,450.4551568,18,Email,Midlands,20
7,1286,2024-08-18,191,Clothing,129,4,645.4771144499999,20,Email,London,18
16,1287,2024-01-20,117,Sports,431,4,657.2882427,0,Instagram,South West,34
90,1288,2023-12-31,143,Books,446,4,214.5500697,39,Instagram,South West,37
60,1289,2024-09-06,159,Sports,326,2,255.2405458,39,Instagram,South East,45
2,1290,2023-11-09,151,Clothing,173,3,536.8072901,9,Direct,Midlands,33
1,1291,2024-02-28,154,Electronics,433,3,626.8102733,1,Email,South West,28
48,1292,2024-02-23,124,Sports,474,4,537.1449602,7,Email,South West,24
12,1293,2024-04-16,125,Books,295,4,239.7934979,43,Direct,South East,27
69,1294,2024-07-01,171,Clothing,274,2,640.7753547,26,Instagram,North West,29
37,1295,2024-09-13,152,Books,329,1,289.8747015,34,Facebook,Midlands,33
32,1296,2023-11-13,170,Sports,170,1,451.0513044,12,Instagram,London,18
9,1297,2023-12-23,188,Sports,385,3,220.7567799,46,Instagram,London,24
99,1298,2024-07-24,133,Home Decor,317,2,596.5181496,1,Direct,North West,22
19,1299,2024-01-02,149,Clothing,98,4,555.83632875,28,Email,South West,28
48,1300,2024-03-23,129,Books,151,3,572.8400769,10,Instagram,North West,29
80,1301,2024-04-19,163,Electronics,212,2,666.52656555,20,Email,South West,18
3,1302,2024-09-10,122,Home Decor,318,1,592.8093726,7,Direct,Midlands,32
20,1303,2024-08-25,126,Sports,236,2,494.5657127,6,Email,North East,22
24,1304,2023-10-29,128,Books,498,1,187.7718433,45,Email,Midlands,31
54,1305,2024-04-27,185,Home Decor,452,2,224.9007505,36,Facebook,South West,23
33,1306,2024-01-14,149,Books,343,3,515.65796745,30,Instagram,South East,29
24,1307,2023-12-03,171,Clothing,231,1,575.6465322,12,Email,South West,33
75,1308,2023-10-17,181,Electronics,50,3,472.18440705,26,Instagram,Midlands,30
72,1309,2024-01-15,184,Home Decor,205,3,273.1793136,49,Direct,North West,18
36,1310,2024-03-13,149,Home Decor,77,1,275.0732912,39,Facebook,London,31
38,1311,2024-01-03,120,Home Decor,485,1,410.9873625,14,Instagram,Midlands,31
84,1312,2023-10-25,186,Sports,273,4,572.4609392,0,Direct,North West,23
99,1313,2024-01-25,192,Books,11,4,492.3669225,15,Instagram,South East,28
89,1314,2024-04-09,163,Books,370,4,242.3433154,48,Direct,Midlands,31
99,1315,2024-04-13,161,Home Decor,134,3,500.2764295,14,Instagram,North East,18
25,1316,2024-08-03,149,Clothing,119,3,571.3133133,23,Email,Midlands,32
93,1317,2024-02-14,171,Sports,95,4,617.47042455,25,Email,South West,26
18,1318,2024-09-12,101,Sports,434,3,259.2213287,43,Instagram,North West,30
82,1319,2024-01-02,196,Books,129,3,529.58980965,30,Direct,South West,29
66,1320,2024-05-26,113,Sports,136,1,652.7707843,0,Facebook,South West,43
54,1321,2023-12-27,194,Home Decor,264,1,395.2905201,18,Email,North West,27
35,1322,2024-03-09,187,Sports,192,3,629.7623398,3,Google,London,20
80,1323,2024-02-25,151,Sports,25,4,527.7483137,9,Email,North West,18
61,1324,2023-12-12,156,Home Decor,486,2,257.0067503,43,Google,London,25
41,1325,2023-12-27,183,Clothing,71,4,578.9682643,0,Email,Midlands,18
100,1326,2023-10-14,162,Sports,378,2,534.5117019,14,Facebook,Midlands,18
33,1327,2024-08-10,132,Sports,441,4,466.155258,25,Facebook,North West,25
68,1328,2023-12-21,130,Clothing,167,1,266.9014584,44,Email,Midlands,18
33,1329,2024-01-29,129,Electronics,277,3,497.55286665000006,26,Email,South East,29
14,1330,2024-08-16,149,Books,44,3,487.84265129999994,29,Direct,South West,18
21,1331,2024-04-21,145,Sports,276,1,601.50673395,29,Instagram,South West,30
48,1332,2024-05-08,193,Home Decor,73,2,202.0411812,43,Facebook,London,41
20,1333,2024-07-08,130,Electronics,59,2,612.9643539,5,Email,Midlands,30
8,1334,2024-07-15,116,Home Decor,478,2,191.6347312,49,Instagram,London,19
7,1335,2024-06-27,140,Sports,264,1,581.8386868,12,Google,South West,18
67,1336,2024-07-11,119,Home Decor,158,2,589.19938065,24,Facebook,South West,30
17,1337,2024-07-03,118,Books,334,1,414.9171264,26,Instagram,Midlands,39
33,1338,2024-08-20,101,Electronics,313,4,302.4876885,36,Facebook,South East,18
48,1339,2023-10-23,178,Clothing,285,4,622.0993721,16,Google,South East,28
76,1340,2024-05-15,147,Home Decor,366,1,222.5101064,50,Facebook,Midlands,27
59,1341,2023-12-23,166,Clothing,460,3,688.4029032000001,25,Email,Midlands,19
86,1342,2024-02-13,192,Sports,181,4,370.5294005,38,Direct,London,40
22,1343,2023-12-01,194,Sports,426,2,557.6119032,5,Facebook,North East,25
30,1344,2024-02-19,138,Sports,210,1,558.1850609,6,Direct,South East,29
38,1345,2023-10-06,151,Home Decor,454,2,262.2085613,31,Instagram,North East,18
51,1346,2024-06-13,163,Sports,402,2,143.0429289,49,Direct,London,22
54,1347,2024-02-14,104,Books,333,3,229.882185,41,Instagram,London,21
8,1348,2024-04-25,101,Clothing,44,2,282.5437051,39,Email,London,31
27,1349,2024-02-17,108,Home Decor,474,3,563.3514219,27,Instagram,London,18
27,1350,2023-10-05,129,Books,491,4,547.6202394,12,Facebook,North West,20
98,1351,2024-09-13,155,Books,225,1,368.4043729,35,Direct,Midlands,18
21,1352,2024-07-09,103,Sports,489,2,313.3863702,36,Facebook,North East,28
30,1353,2023-12-14,132,Electronics,74,1,399.0283919,15,Facebook,Midlands,18
97,1354,2024-08-04,110,Clothing,17,2,216.2253623,46,Facebook,North West,34
28,1355,2024-05-07,174,Electronics,310,1,418.2653391,32,Facebook,London,36
64,1356,2024-08-03,183,Clothing,352,2,516.4526741,6,Email,North West,21
97,1357,2024-05-15,134,Clothing,440,2,399.4093,31,Google,South East,26
69,1358,2024-09-26,197,Electronics,433,2,526.0910177,12,Instagram,South East,30
61,1359,2024-07-01,187,Books,341,2,473.12224979999996,27,Instagram,Midlands,41
48,1360,2024-07-17,155,Clothing,447,2,595.1073927,0,Direct,Midlands,35
19,1361,2023-11-21,192,Electronics,85,2,582.73781595,26,Direct,South West,25
4,1362,2024-03-07,132,Clothing,183,2,654.6760537499999,20,Direct,North East,18
35,1363,2024-08-10,150,Home Decor,56,2,542.5100114,15,Email,South East,28
64,1364,2024-08-07,107,Books,24,2,585.66595935,22,Facebook,London,25
49,1365,2024-07-01,193,Sports,370,1,458.78105189999997,29,Direct,North West,41
17,1366,2024-09-08,108,Clothing,156,3,544.537372,0,Email,South West,25
44,1367,2024-08-22,165,Home Decor,35,2,685.41063705,22,Google,South West,25
92,1368,2023-11-23,157,Sports,317,3,588.02906775,24,Google,London,32
30,1369,2024-07-31,167,Sports,102,2,349.4779833,34,Direct,London,25
93,1370,2024-01-03,188,Clothing,415,2,251.3100984,42,Email,North East,18
46,1371,2023-11-29,187,Electronics,241,1,337.4576348,34,Email,North West,30
6,1372,2024-09-01,159,Clothing,30,4,585.69931875,21,Email,London,28
99,1373,2024-03-03,172,Home Decor,316,4,237.9284055,39,Instagram,South West,19
37,1374,2024-02-02,154,Sports,47,1,479.8786783,8,Facebook,South West,43
24,1375,2024-03-12,167,Electronics,285,3,254.1989555,42,Google,South East,32
93,1376,2023-11-28,151,Electronics,166,4,445.9322855,14,Facebook,London,21
46,1377,2024-01-15,197,Clothing,188,1,462.8196359,8,Email,Midlands,30
53,1378,2024-04-19,192,Books,141,1,428.3521443,11,Email,North West,33
95,1379,2024-07-27,108,Electronics,320,4,550.7511885,11,Direct,Midlands,18
99,1380,2024-06-26,134,Home Decor,464,3,199.7826364,36,Facebook,South West,24
60,1381,2024-08-22,135,Sports,357,1,216.0614047,34,Direct,Midlands,42
97,1382,2023-11-08,196,Clothing,37,2,205.6982992,46,Facebook,South West,18
63,1383,2024-03-16,188,Electronics,269,3,632.7725742,0,Direct,South West,33
85,1384,2024-02-14,178,Books,415,3,359.1501869,33,Direct,South West,30
32,1385,2023-10-14,132,Electronics,85,4,559.9949113499999,30,Instagram,South West,30
87,1386,2024-04-26,146,Books,438,4,508.2504043,15,Direct,South West,30
33,1387,2023-10-23,116,Clothing,76,2,572.9444736,8,Email,South East,25
67,1388,2024-08-31,168,Sports,351,1,308.0895122,47,Google,Midlands,32
18,1389,2024-06-21,137,Home Decor,203,4,522.9302748,9,Instagram,South East,18
25,1390,2024-05-15,154,Clothing,481,4,438.2500076,15,Direct,North East,18
95,1391,2024-06-19,185,Electronics,171,3,488.1537833,18,Google,London,47
54,1392,2024-04-27,114,Books,356,4,418.1303158,15,Facebook,London,34
58,1393,2023-11-30,195,Books,448,4,643.44871125,20,Google,London,18
67,1394,2023-11-26,155,Electronics,370,4,627.7252248,5,Facebook,North East,19
46,1395,2024-05-25,148,Books,266,4,169.7317911,50,Email,London,31
24,1396,2024-02-29,182,Clothing,81,3,461.8986124,6,Email,Midlands,37
32,1397,2024-07-07,107,Home Decor,96,2,667.2945027000001,21,Email,South East,34
47,1398,2023-10-05,174,Books,431,2,756.07606125,22,Google,North East,18
86,1399,2024-01-09,107,Electronics,271,1,719.5587861,20,Instagram,London,32
23,1400,2024-08-01,133,Home Decor,223,4,328.2817101,33,Facebook,North East,33
66,1401,2024-09-08,123,Clothing,162,3,198.6814316,47,Facebook,North West,29
27,1402,2023-10-31,185,Books,219,1,286.3011649,32,Facebook,South East,22
2,1403,2023-11-24,119,Electronics,410,1,156.126978,47,Facebook,Midlands,18
90,1404,2024-03-02,119,Electronics,70,2,590.3212868,1,Direct,South West,28
17,1405,2024-07-03,136,Home Decor,277,3,273.4413002,37,Google,Midlands,32
33,1406,2024-09-18,129,Sports,271,3,620.8100944,3,Email,London,22
9,1407,2024-09-22,160,Home Decor,227,3,462.39481920000003,26,Instagram,South West,31
43,1408,2024-04-03,182,Sports,292,2,552.8945591,4,Instagram,North West,28
48,1409,2023-10-30,102,Clothing,145,2,495.7574853,26,Google,South East,25
39,1410,2024-08-05,101,Clothing,476,2,233.5269121,43,Email,South East,18
93,1411,2024-01-28,147,Books,389,2,366.2343536,31,Facebook,North West,20
42,1412,2024-09-07,169,Sports,371,2,713.43229575,30,Direct,North East,34
26,1413,2023-10-08,120,Books,458,4,520.6331884,19,Google,North West,18
99,1414,2024-01-14,111,Electronics,450,4,127.2644449,40,Google,London,30
50,1415,2024-02-15,102,Sports,102,3,555.6318803,10,Facebook,South West,46
25,1416,2024-03-31,167,Home Decor,118,1,620.9595936000001,25,Facebook,North West,19
24,1417,2024-09-04,187,Electronics,250,3,345.3524454,39,Google,London,20
13,1418,2024-04-27,112,Electronics,364,1,603.5472381,10,Facebook,South West,26
60,1419,2024-02-26,120,Home Decor,433,2,717.6159529500001,20,Email,North West,26
7,1420,2024-06-16,105,Electronics,151,1,572.7713113,10,Google,South East,25
57,1421,2024-02-04,137,Sports,300,3,312.8393317,36,Email,North East,31
36,1422,2024-07-25,138,Books,441,3,531.8063897,9,Google,Midlands,23
45,1423,2023-12-05,194,Electronics,246,1,474.4913272,13,Email,North West,43
20,1424,2023-10-21,109,Clothing,349,4,602.1504033,4,Google,Midlands,47
65,1425,2024-07-19,198,Clothing,321,2,337.1799513,35,Facebook,South West,32
8,1426,2024-08-20,153,Sports,186,2,766.44351555,26,Facebook,North West,28
16,1427,2024-01-21,144,Books,150,3,548.986646,5,Email,South West,40
14,1428,2024-02-16,199,Sports,198,4,612.2710161,22,Email,South West,22
76,1429,2024-05-25,186,Clothing,495,1,414.2123958,17,Facebook,London,18
87,1430,2024-09-25,124,Books,58,2,242.569743,32,Google,North East,39
15,1431,2024-09-12,181,Clothing,311,4,440.7130323,17,Google,South West,29
92,1432,2023-11-13,174,Home Decor,378,2,481.7604244,15,Facebook,North West,33
98,1433,2023-12-03,130,Sports,199,4,281.6967579,36,Email,North East,25
66,1434,2024-06-22,159,Books,145,4,595.4198253,24,Direct,North East,18
32,1435,2023-12-31,187,Home Decor,52,3,608.1713287,11,Facebook,London,34
87,1436,2024-01-20,196,Home Decor,413,2,663.8046683,0,Google,South West,38
63,1437,2024-09-04,181,Clothing,389,1,296.1815326,38,Email,London,26
86,1438,2024-08-28,181,Sports,362,3,631.0830714,20,Email,Midlands,31
51,1439,2024-07-01,114,Clothing,99,3,567.798282,3,Email,South West,25
25,1440,2024-08-26,109,Sports,304,1,721.162581,22,Instagram,London,43
58,1441,2024-05-14,140,Home Decor,350,3,330.0526589,32,Email,South East,33
63,1442,2024-05-13,166,Clothing,254,4,549.78821325,30,Instagram,South East,28
62,1443,2024-02-09,125,Sports,442,4,564.9440073,9,Google,South West,36
22,1444,2024-05-16,173,Sports,201,2,597.900847,2,Instagram,North East,25
58,1445,2024-08-10,122,Books,327,2,238.0561338,47,Facebook,North East,18
58,1446,2024-02-06,104,Sports,115,1,195.9619031,45,Instagram,South East,47
86,1447,2024-07-22,126,Books,372,2,171.4305514,44,Email,Midlands,42
49,1448,2023-10-25,158,Books,319,4,588.7970249,0,Facebook,London,28
52,1449,2024-04-04,129,Books,391,1,401.7821172,19,Facebook,South East,35
42,1450,2024-07-19,198,Clothing,242,1,228.9340339,42,Email,North West,34
70,1451,2024-09-20,187,Clothing,274,2,261.8195037,38,Email,South East,37
15,1452,2024-08-21,137,Home Decor,353,4,578.14155375,25,Instagram,London,21
54,1453,2024-02-12,175,Sports,46,1,625.9420103,1,Email,London,18
60,1454,2023-10-04,170,Electronics,314,4,190.4432549,34,Instagram,South West,54
97,1455,2024-05-14,118,Sports,50,4,536.5327215,14,Email,North West,24
8,1456,2024-03-17,185,Sports,26,4,294.5488073,41,Google,London,22
53,1457,2024-07-11,142,Books,353,2,493.4088791,13,Direct,North East,24
60,1458,2024-08-20,200,Books,286,3,662.7247011,0,Instagram,North West,26
5,1459,2023-10-27,141,Sports,316,3,559.0993344,3,Email,North West,18
68,1460,2024-05-12,138,Home Decor,68,1,510.1237172,7,Email,Midlands,18
6,1461,2024-06-05,134,Books,432,4,298.9084119,33,Facebook,North East,25
96,1462,2024-09-30,117,Sports,192,2,334.3983013,32,Google,Midlands,27
94,1463,2024-04-19,137,Sports,50,4,168.8852428,50,Instagram,Midlands,32
47,1464,2024-04-15,125,Electronics,48,4,488.00860259999996,28,Direct,South East,37
99,1465,2024-02-13,176,Books,406,2,618.5889084,23,Direct,South East,22
55,1466,2024-02-03,187,Books,201,3,473.8639514,15,Instagram,South East,18
40,1467,2024-01-03,186,Sports,276,4,211.2231979,46,Email,South East,34
52,1468,2023-12-12,185,Clothing,156,4,496.91852325,26,Instagram,North East,38
16,1469,2024-06-03,127,Electronics,404,3,564.26013825,23,Direct,Midlands,29
13,1470,2024-09-05,157,Books,342,2,297.6290265,34,Email,North East,33
30,1471,2024-02-13,131,Sports,136,1,462.5824644,10,Google,South West,35
19,1472,2024-04-13,106,Home Decor,55,3,618.965019,0,Instagram,London,37
17,1473,2024-05-01,191,Clothing,54,1,258.6702337,48,Instagram,South West,26
63,1474,2024-01-17,140,Books,10,1,624.5750433000001,25,Email,South West,22
19,1475,2024-08-19,198,Home Decor,177,3,532.8027285000001,30,Google,Midlands,31
92,1476,2024-01-11,112,Electronics,117,4,357.0919186,32,Google,South East,24
58,1477,2024-09-05,153,Clothing,28,1,483.4635295,12,Email,South East,34
55,1478,2024-08-23,171,Books,341,1,497.5814216,18,Direct,Midlands,31
90,1479,2023-12-23,110,Clothing,81,2,536.2168274,11,Instagram,South West,38
90,1480,2024-05-11,145,Electronics,465,4,191.0394493,50,Email,Midlands,22
62,1481,2024-06-13,117,Books,454,1,301.5378138,32,Direct,London,25
23,1482,2024-02-11,126,Clothing,118,2,556.298006,14,Email,South East,33
9,1483,2024-09-12,185,Home Decor,277,4,413.2124998,19,Direct,North West,31
12,1484,2024-01-16,192,Electronics,454,3,491.91718,13,Direct,London,28
1,1485,2023-10-08,162,Electronics,249,3,325.9508258,31,Google,London,44
58,1486,2024-02-27,146,Clothing,426,2,238.0234758,44,Instagram,North East,18
1,1487,2024-03-20,164,Home Decor,310,3,462.9474141,29,Facebook,South West,42
34,1488,2023-11-16,102,Books,99,1,476.8328328,18,Google,South East,22
96,1489,2023-10-01,154,Sports,112,4,294.7680157,35,Email,North West,18
48,1490,2024-09-25,165,Clothing,485,1,484.16154854999996,26,Direct,London,29
89,1491,2024-03-28,151,Sports,259,1,521.7904557,8,Instagram,North West,18
1,1492,2023-11-08,153,Clothing,462,3,572.7202494000001,24,Direct,South West,19
16,1493,2023-12-29,136,Home Decor,17,1,173.5961928,50,Email,South West,46
61,1494,2023-12-14,126,Home Decor,162,3,154.9094098,49,Direct,North West,30
64,1495,2024-05-14,129,Sports,356,4,549.33549465,30,Instagram,South East,29
63,1496,2024-02-01,121,Books,183,4,410.43891284999995,30,Google,South West,30
69,1497,2024-09-08,111,Clothing,352,1,423.1241063,32,Instagram,North West,22
22,1498,2024-01-05,140,Clothing,167,2,550.0516769,15,Google,London,32
93,1499,2024-09-04,111,Clothing,440,3,268.5243307,45,Facebook,North West,18
67,1500,2024-07-09,136,Electronics,224,3,327.1109146,31,Instagram,North West,18
76,1501,2024-04-24,159,Books,186,1,621.6582827,5,Google,Midlands,18
26,1502,2023-11-02,139,Clothing,184,3,443.8719746,10,Google,South West,38
16,1503,2024-01-24,199,Books,349,3,613.1067009,0,Direct,South East,18
51,1504,2024-09-18,154,Home Decor,347,2,473.3690624,18,Google,South East,18
86,1505,2024-08-11,198,Sports,155,2,474.3070754,12,Google,Midlands,31
57,1506,2024-08-09,155,Home Decor,459,1,500.4590333,18,Email,South East,40
29,1507,2024-03-27,124,Sports,333,2,543.9456653999999,21,Email,North West,41
78,1508,2024-03-22,122,Electronics,487,1,622.3642502,0,Direct,Midlands,21
92,1509,2024-05-21,169,Books,170,4,675.36598605,26,Direct,London,39
69,1510,2024-02-10,156,Home Decor,136,1,643.7277712499999,21,Instagram,South West,38
47,1511,2024-01-02,133,Clothing,429,4,251.8261925,39,Facebook,North East,20
94,1512,2024-09-12,136,Home Decor,91,1,626.3382239,4,Direct,South West,37
62,1513,2024-04-12,120,Electronics,494,3,623.0273427,10,Email,North West,47
69,1514,2024-04-03,183,Home Decor,156,2,207.4895297,40,Direct,London,49
76,1515,2024-03-13,199,Clothing,248,4,632.1627462,21,Google,Midlands,36
16,1516,2024-09-26,181,Sports,421,1,681.9641526,23,Facebook,Midlands,21
90,1517,2024-04-08,162,Clothing,433,2,195.378181,46,Instagram,South West,37
90,1518,2023-10-05,198,Clothing,93,1,526.7184318,17,Google,London,46
48,1519,2024-04-23,173,Electronics,122,2,387.7755975,19,Facebook,London,25
85,1520,2024-09-30,126,Clothing,234,2,581.1443838,26,Facebook,North East,29
39,1521,2024-09-08,166,Clothing,341,1,605.4304911,8,Instagram,South East,18
100,1522,2024-05-14,173,Books,387,4,184.2276456,44,Email,South East,28
33,1523,2023-12-13,173,Clothing,252,4,396.3567356,31,Instagram,South West,37
94,1524,2024-05-06,140,Electronics,152,3,579.287343,26,Direct,London,18
23,1525,2023-10-27,117,Clothing,50,2,651.6630653,5,Google,North East,29
10,1526,2023-10-23,101,Books,432,3,587.2822228,7,Direct,Midlands,18
69,1527,2024-04-25,189,Sports,267,3,751.0427055,21,Email,Midlands,49
100,1528,2024-09-19,161,Home Decor,456,1,568.5573507,10,Direct,South West,33
34,1529,2023-12-30,143,Home Decor,294,1,178.9524152,50,Instagram,London,20
52,1530,2023-11-21,142,Books,114,1,559.1674216,7,Direct,South West,25
95,1531,2024-07-29,125,Electronics,211,2,180.9398866,49,Email,Midlands,18
10,1532,2024-04-26,139,Books,459,1,206.3128348,45,Email,Midlands,22
19,1533,2023-12-01,135,Electronics,316,1,469.9103179,18,Email,North East,18
58,1534,2024-07-30,103,Clothing,340,2,296.2757992,34,Instagram,South West,33
96,1535,2024-01-13,144,Books,470,2,619.69315635,25,Email,South West,42
1,1536,2024-02-06,151,Clothing,275,4,465.5585676,9,Google,London,42
69,1537,2024-08-23,194,Sports,407,1,521.2244115,13,Email,London,20
4,1538,2024-01-03,198,Electronics,219,1,300.9705045,35,Direct,South East,38
16,1539,2023-10-07,112,Sports,60,1,514.9540093,14,Instagram,North West,18
24,1540,2024-03-22,119,Books,127,4,526.4062896,12,Instagram,North West,22
80,1541,2024-06-02,144,Sports,210,1,577.8371196,26,Instagram,North West,30
2,1542,2023-10-16,159,Sports,386,4,475.7800506,18,Direct,South West,27
92,1543,2024-03-18,149,Sports,48,3,644.90896665,24,Instagram,South West,18
32,1544,2024-03-15,161,Books,37,4,521.265175,14,Instagram,Midlands,29
91,1545,2024-08-05,117,Sports,268,3,707.1436218,23,Email,South West,39
84,1546,2023-12-22,174,Clothing,93,1,265.686108,39,Google,South West,41
24,1547,2024-05-08,157,Electronics,463,3,642.0571632,8,Email,South West,24
12,1548,2024-08-17,155,Sports,164,4,461.2827588,18,Email,South East,22
50,1549,2024-03-18,147,Books,126,2,236.6274336,39,Facebook,South West,25
35,1550,2024-08-18,112,Home Decor,11,3,574.2841032,23,Instagram,London,24
33,1551,2024-01-23,162,Clothing,102,3,228.8564225,40,Instagram,London,25
33,1552,2024-09-13,180,Sports,175,1,559.4070865,6,Direct,Midlands,29
61,1553,2024-08-30,188,Home Decor,396,4,584.0378622,23,Email,South East,18
51,1554,2024-05-17,183,Home Decor,409,3,427.3043499,13,Instagram,London,18
43,1555,2024-05-07,108,Books,359,3,551.5570672,0,Facebook,South East,36
12,1556,2024-06-03,195,Home Decor,305,3,516.2712038,4,Direct,South East,19
67,1557,2024-01-09,121,Clothing,267,3,549.2086826,0,Facebook,Midlands,28
65,1558,2024-05-09,181,Clothing,90,2,665.1615134,1,Direct,South East,28
33,1559,2024-03-27,187,Electronics,434,4,513.5548206,17,Instagram,South West,26
40,1560,2024-03-23,180,Clothing,277,1,260.9361389,37,Email,South East,33
74,1561,2024-01-02,170,Sports,428,1,534.7075646,9,Direct,Midlands,25
43,1562,2024-01-23,172,Clothing,244,2,538.42690935,21,Email,Midlands,18
44,1563,2024-03-10,125,Home Decor,330,4,402.9512618,18,Direct,North East,27
29,1564,2024-06-25,182,Electronics,320,3,270.8351996,49,Direct,North East,18
13,1565,2024-05-12,189,Home Decor,310,2,156.1592489,47,Email,South West,22
12,1566,2024-05-21,112,Electronics,472,4,651.4211501999999,20,Direct,London,48
95,1567,2024-09-01,115,Home Decor,483,3,382.9206576,32,Facebook,North West,27
46,1568,2023-12-06,159,Books,366,2,211.0465246,42,Email,South West,47
2,1569,2024-02-03,126,Electronics,222,4,419.9819316,14,Direct,South East,25
35,1570,2024-02-16,126,Sports,71,1,120.508408,46,Google,Midlands,18
87,1571,2024-01-21,147,Home Decor,58,1,457.5098593,15,Facebook,North West,18
81,1572,2024-05-06,132,Sports,136,4,224.4398814,50,Direct,South West,37
90,1573,2024-03-04,110,Electronics,232,1,111.2347796,45,Direct,London,36
8,1574,2024-04-02,116,Sports,418,4,320.316868,34,Email,Midlands,43
93,1575,2024-01-29,171,Sports,288,3,281.8409021,45,Google,London,33
26,1576,2024-08-17,117,Books,417,4,495.2760156,15,Instagram,South West,32
74,1577,2024-04-15,123,Books,303,3,564.6028457,6,Email,North East,38
90,1578,2024-09-09,126,Sports,293,2,251.8342438,36,Google,North West,27
34,1579,2024-07-17,185,Sports,286,4,640.3205085,22,Direct,South East,25
7,1580,2023-10-04,186,Books,447,2,608.9334436500001,24,Direct,London,31
68,1581,2024-04-06,107,Sports,116,1,263.969032,40,Email,North West,33
58,1582,2024-05-26,114,Sports,155,3,613.2159651,4,Direct,Midlands,51
75,1583,2024-03-14,179,Sports,429,4,508.2515943,22,Email,South East,35
29,1584,2024-03-20,107,Clothing,108,2,666.184896,25,Email,North West,28
36,1585,2024-04-29,109,Books,438,3,627.4384804499999,28,Email,London,27
89,1586,2024-09-09,148,Sports,384,3,574.1999656,12,Email,South West,37
21,1587,2023-12-10,172,Books,82,1,566.3589239,16,Facebook,Midlands,33
36,1588,2024-02-26,159,Home Decor,446,1,596.8065875,0,Email,London,34
10,1589,2024-07-11,187,Home Decor,495,3,309.1979568,36,Direct,North East,18
73,1590,2024-01-24,193,Sports,131,3,221.6811244,47,Direct,South East,39
24,1591,2024-08-18,182,Books,39,4,308.6484575,36,Instagram,South West,33
64,1592,2024-01-01,195,Books,197,3,699.2443244,0,Instagram,South West,18
99,1593,2024-01-11,194,Sports,373,4,287.8721303,32,Instagram,Midlands,19
49,1594,2024-09-22,139,Clothing,363,3,621.1551129000001,22,Google,Midlands,48
99,1595,2024-04-15,199,Home Decor,297,1,459.2562683,8,Instagram,South West,24
36,1596,2024-01-18,118,Sports,460,4,562.4449944,10,Instagram,South West,34
82,1597,2024-08-25,159,Books,204,2,225.5166597,39,Instagram,South East,44
96,1598,2024-01-09,117,Clothing,165,1,260.2478756,42,Google,South West,18
24,1599,2024-03-31,114,Books,181,4,208.5401401,37,Instagram,North West,32
23,1600,2024-08-29,131,Books,344,4,475.3886119,16,Direct,London,20
62,1601,2024-03-08,124,Clothing,50,2,524.0591271,18,Direct,South West,29
96,1602,2023-12-21,199,Books,72,4,502.9036074,7,Google,Midlands,31
37,1603,2023-11-05,160,Books,32,3,439.12381859999994,28,Direct,North West,28
12,1604,2024-05-25,145,Clothing,369,2,255.8994873,36,Email,Midlands,33
55,1605,2024-05-31,198,Clothing,84,1,740.46247425,26,Email,North West,22
13,1606,2024-06-07,103,Books,57,1,348.1973561,32,Google,South West,40
23,1607,2024-06-11,137,Books,169,3,829.9426947000001,20,Instagram,London,18
89,1608,2024-07-08,143,Sports,322,1,717.79060995,21,Facebook,Midlands,18
99,1609,2023-10-22,140,Clothing,127,4,450.9980171,15,Email,North West,18
30,1610,2024-05-17,190,Books,109,4,271.3286973,47,Direct,South East,41
17,1611,2024-03-02,155,Books,389,3,176.9924564,41,Facebook,South West,25
62,1612,2024-01-28,187,Sports,426,1,606.3283911,8,Facebook,London,18
84,1613,2024-03-14,139,Electronics,417,1,498.8627727,19,Google,South West,23
89,1614,2024-04-16,115,Books,176,3,212.1422499,42,Instagram,South East,33
86,1615,2024-09-11,104,Electronics,299,2,314.241982,50,Direct,London,35
13,1616,2023-12-14,193,Sports,449,1,243.2499692,49,Google,South East,27
59,1617,2023-12-18,186,Sports,165,2,573.64610625,30,Email,North East,38
19,1618,2024-08-14,125,Books,430,1,341.1601833,18,Direct,North West,34
49,1619,2023-12-12,113,Sports,16,1,624.6615254999999,22,Email,South West,31
100,1620,2024-04-17,182,Books,205,1,614.9698043,11,Instagram,North East,28
12,1621,2024-07-28,133,Clothing,430,1,279.4987075,32,Google,South West,22
61,1622,2024-02-11,116,Sports,65,4,437.9393715,19,Email,Midlands,29
19,1623,2023-11-17,142,Books,330,2,297.3556612,31,Instagram,South East,23
76,1624,2024-04-05,166,Clothing,202,2,236.069306,44,Instagram,South East,18
9,1625,2024-03-19,155,Sports,56,1,481.1059978,11,Google,South East,41
71,1626,2024-02-16,199,Clothing,157,1,274.5010863,45,Direct,Midlands,33
28,1627,2024-05-30,142,Home Decor,284,2,509.1447591,28,Facebook,North West,44
78,1628,2024-08-09,134,Electronics,166,4,588.0840801,4,Direct,South West,21
95,1629,2024-09-10,130,Books,211,3,489.6378384,14,Instagram,North West,21
52,1630,2024-02-03,113,Sports,453,3,494.49188519999996,26,Google,Midlands,38
83,1631,2024-04-24,113,Books,411,2,529.3255635,26,Facebook,South East,29
16,1632,2024-09-03,118,Electronics,485,1,172.0648048,44,Google,South West,38
69,1633,2024-04-15,132,Books,428,1,614.7235269,22,Facebook,London,36
99,1634,2024-04-04,196,Clothing,436,4,265.8853027,34,Google,North East,35
12,1635,2023-10-18,199,Books,488,3,535.3602496,15,Facebook,North West,18
25,1636,2024-04-15,139,Sports,484,4,239.9480152,50,Google,South East,44
52,1637,2024-09-15,146,Electronics,135,3,511.8478982,12,Google,London,27
85,1638,2024-03-01,129,Electronics,404,2,266.1860765,40,Facebook,North West,20
100,1639,2024-02-09,162,Electronics,314,3,497.91022245,30,Facebook,Midlands,37
53,1640,2024-08-21,193,Electronics,378,4,466.20941805,30,Google,North West,36
23,1641,2024-03-13,162,Books,303,4,511.2327561,13,Instagram,North West,27
16,1642,2023-11-28,157,Clothing,73,4,209.9045878,45,Email,North West,18
57,1643,2024-03-26,116,Sports,334,2,510.6084651,5,Direct,South West,20
39,1644,2024-03-01,156,Books,401,3,436.74470145000004,29,Email,North West,32
53,1645,2024-03-10,110,Electronics,427,3,125.5046985,44,Google,North West,27
42,1646,2024-09-18,130,Clothing,185,4,604.8027507,5,Google,South West,18
58,1647,2024-05-29,125,Clothing,125,3,202.2248599,47,Email,North East,35
39,1648,2024-02-13,184,Books,449,1,401.5780579,36,Instagram,Midlands,23
14,1649,2024-05-23,105,Sports,213,1,408.822562,19,Email,South East,18
95,1650,2023-11-16,165,Books,495,1,166.1916853,44,Facebook,London,38
5,1651,2024-02-05,194,Electronics,330,3,248.0233465,32,Email,North East,31
35,1652,2024-09-02,149,Home Decor,40,2,397.4529605,19,Google,North West,32
87,1653,2024-03-06,103,Clothing,397,2,497.4305018,12,Facebook,Midlands,18
93,1654,2023-10-13,145,Home Decor,122,2,590.6323308,28,Direct,North West,25
75,1655,2024-01-27,114,Electronics,374,2,500.6780654,9,Facebook,London,34
18,1656,2024-07-29,130,Electronics,443,1,296.0596807,35,Email,South West,25
76,1657,2024-07-15,168,Sports,334,1,613.3977990000001,20,Google,South East,29
9,1658,2024-07-17,118,Books,423,4,600.0421484,2,Email,Midlands,31
74,1659,2024-01-24,162,Home Decor,385,3,238.2943004,31,Google,South West,26
58,1660,2023-12-27,137,Books,353,3,242.5286717,38,Instagram,South East,28
17,1661,2024-02-02,125,Sports,452,2,568.2321217,6,Direct,Midlands,57
7,1662,2024-03-23,148,Electronics,76,1,251.6418905,39,Instagram,Midlands,36
46,1663,2024-09-28,165,Books,84,2,149.1928693,40,Direct,London,22
13,1664,2023-11-22,153,Books,54,4,600.6712036499999,21,Email,South West,25
40,1665,2024-01-19,179,Electronics,269,3,252.5584773,40,Facebook,Midlands,21
42,1666,2023-12-04,173,Books,163,3,445.3977981,9,Email,Midlands,18
9,1667,2024-08-28,115,Electronics,164,2,198.8210007,44,Direct,South East,47
50,1668,2023-12-13,149,Books,439,4,607.6598279,6,Instagram,London,18
27,1669,2024-02-24,188,Home Decor,372,3,362.1143108,32,Email,North West,18
66,1670,2024-06-17,168,Home Decor,457,4,343.2909401,33,Google,London,39
5,1671,2024-06-20,112,Electronics,484,4,550.9822998,6,Facebook,North West,35
29,1672,2024-02-09,159,Books,243,2,237.4195755,33,Email,South West,41
37,1673,2023-11-18,137,Home Decor,60,1,601.5560352,26,Email,South West,35
38,1674,2023-12-16,161,Books,315,2,162.587243,50,Instagram,North East,35
83,1675,2024-07-20,143,Clothing,271,1,480.10529655,30,Direct,South West,32
8,1676,2024-01-25,170,Sports,324,4,570.3362203,9,Direct,Midlands,35
65,1677,2023-11-18,139,Home Decor,134,1,452.75417745000004,29,Direct,London,44
86,1678,2024-01-18,156,Sports,408,4,390.54855975,30,Email,South West,44
17,1679,2024-03-28,163,Home Decor,254,3,277.0320381,31,Instagram,London,31
71,1680,2023-11-19,146,Home Decor,39,3,513.67829805,27,Google,London,22
89,1681,2023-12-11,188,Sports,435,3,424.732362,17,Instagram,North East,23
45,1682,2024-09-11,111,Home Decor,494,2,704.7469417,5,Google,London,39
4,1683,2024-07-12,162,Home Decor,131,2,368.8549683,31,Email,South West,24
36,1684,2023-10-04,177,Clothing,134,4,721.8883051500001,21,Direct,South West,44
70,1685,2023-12-14,198,Books,46,3,281.9317105,41,Facebook,South West,32
31,1686,2023-12-24,125,Books,179,2,437.7964019,19,Email,North East,30
19,1687,2024-08-17,171,Clothing,133,3,605.3008854,22,Email,London,18
61,1688,2023-10-21,152,Clothing,366,2,590.29522155,21,Email,South East,20
54,1689,2024-04-26,104,Electronics,44,1,664.3652588,0,Instagram,South West,33
39,1690,2023-11-12,159,Sports,96,1,508.14508889999996,26,Facebook,London,18
91,1691,2023-10-29,172,Electronics,143,3,573.3448915,5,Instagram,Midlands,30
74,1692,2024-09-08,120,Clothing,205,4,509.9047953,27,Instagram,South West,20
90,1693,2024-03-29,193,Clothing,283,2,247.3023206,44,Google,North East,33
19,1694,2024-07-31,163,Home Decor,210,2,326.6624454,34,Facebook,North East,37
39,1695,2024-01-11,154,Home Decor,378,1,622.8140802,0,Facebook,North West,18
67,1696,2024-06-22,174,Sports,294,1,295.6718698,38,Facebook,North West,18
45,1697,2024-06-15,198,Sports,86,4,560.7704147,8,Instagram,South West,42
13,1698,2024-09-29,157,Electronics,68,4,256.63516,38,Email,London,18
92,1699,2024-05-21,190,Electronics,440,4,203.1521365,41,Email,North East,26
58,1700,2024-09-10,141,Electronics,135,3,536.3399853000001,20,Instagram,North East,26
20,1701,2024-01-09,103,Clothing,410,1,279.9700731,35,Email,London,28
92,1702,2023-12-30,106,Sports,118,3,255.9824975,43,Instagram,South West,18
72,1703,2023-12-08,105,Clothing,233,1,227.1443378,43,Google,Midlands,41
61,1704,2024-01-14,105,Books,287,1,645.0245608500001,22,Facebook,North West,35
39,1705,2023-10-11,154,Sports,77,2,496.536694,12,Facebook,London,37
1,1706,2023-10-13,147,Sports,78,1,648.9226425,0,Facebook,North East,32
3,1707,2024-01-13,187,Home Decor,174,1,593.83020345,26,Instagram,South West,20
77,1708,2024-05-13,149,Clothing,498,3,522.9748473,27,Email,London,38
92,1709,2024-03-16,109,Books,314,1,196.5045882,37,Direct,Midlands,49
62,1710,2024-07-16,199,Books,406,3,208.8340852,39,Google,South West,22
63,1711,2024-01-08,120,Sports,171,4,323.0467824,36,Instagram,North East,30
25,1712,2024-05-05,161,Sports,374,1,638.5489953,8,Email,South West,21
56,1713,2024-08-02,135,Home Decor,351,1,423.7675168,16,Instagram,South West,22
33,1714,2024-09-09,150,Clothing,318,3,524.7866494,14,Google,North West,33
38,1715,2024-04-28,182,Electronics,388,4,656.73984225,25,Direct,North West,34
6,1716,2024-07-03,162,Books,352,2,129.0353876,50,Instagram,South West,18
58,1717,2024-05-10,117,Electronics,444,4,394.7905294,14,Direct,North West,41
44,1718,2024-03-05,188,Electronics,396,3,525.4807413,6,Instagram,London,25
45,1719,2023-12-12,103,Home Decor,51,4,275.8519309,38,Instagram,North West,24
32,1720,2024-07-01,132,Sports,363,3,461.6882291,14,Email,North West,23
45,1721,2023-11-09,199,Books,425,3,529.3334795,18,Facebook,South West,48
61,1722,2024-05-22,113,Electronics,118,2,285.1909306,43,Direct,London,31
47,1723,2024-02-01,189,Clothing,60,1,477.538613,9,Instagram,South East,33
21,1724,2024-07-11,173,Sports,259,3,515.304821,18,Facebook,South East,27
80,1725,2024-03-01,168,Sports,350,3,310.2243392,33,Email,Midlands,35
85,1726,2024-02-24,114,Books,439,2,524.6650547,10,Instagram,North West,20
75,1727,2024-04-13,198,Sports,392,3,483.3195326,18,Facebook,North West,29
36,1728,2024-03-21,111,Home Decor,30,1,583.3118823,30,Google,London,38
99,1729,2024-04-29,156,Electronics,309,2,536.9012019,4,Email,South East,50
19,1730,2024-07-28,167,Clothing,148,1,277.1591785,39,Direct,North East,18
20,1731,2024-08-06,192,Home Decor,368,1,476.3385701,18,Facebook,North East,44
57,1732,2023-10-01,129,Clothing,333,2,611.08844295,21,Direct,North West,18
18,1733,2024-02-16,109,Home Decor,394,3,595.41674625,23,Email,South East,18
47,1734,2024-04-13,167,Sports,101,1,633.5775222,23,Direct,Midlands,18
49,1735,2024-05-07,125,Electronics,456,1,496.8129358,18,Facebook,South West,22
14,1736,2024-09-20,198,Clothing,289,1,565.7703155,13,Email,South East,30
15,1737,2024-03-11,176,Books,134,1,471.9294119,15,Google,Midlands,30
31,1738,2023-11-20,142,Books,492,2,586.4378961,10,Facebook,London,25
1,1739,2024-05-30,109,Books,406,2,552.4502782,9,Instagram,North East,20
54,1740,2024-09-23,179,Books,120,4,268.224639,45,Google,North East,37
3,1741,2023-10-21,140,Books,363,4,264.3538007,35,Email,Midlands,34
16,1742,2024-03-20,125,Clothing,148,1,702.71711955,20,Facebook,North West,26
87,1743,2024-01-27,105,Electronics,493,3,591.6806203,9,Google,South East,32
57,1744,2024-02-06,111,Books,444,1,329.4252164,31,Google,North West,39
75,1745,2024-09-30,159,Books,282,3,129.8853856,44,Instagram,South West,46
12,1746,2024-01-14,198,Books,108,1,521.6689861,13,Email,North East,20
74,1747,2024-04-12,188,Clothing,261,4,465.1183727,19,Email,North West,30
96,1748,2024-05-13,179,Clothing,347,4,313.1747216,35,Email,South East,30
16,1749,2024-02-18,138,Books,113,3,664.2486981,0,Direct,South West,18
72,1750,2024-06-28,172,Sports,223,1,482.13717225,23,Google,London,22
76,1751,2024-01-27,105,Sports,258,3,593.4139705499999,30,Google,North West,34
24,1752,2023-11-03,148,Home Decor,161,4,296.6224091,35,Direct,South West,34
28,1753,2024-02-29,190,Electronics,259,1,545.6185668,16,Instagram,London,31
8,1754,2023-11-08,118,Books,284,1,219.4555497,44,Instagram,North West,28
92,1755,2024-06-14,170,Home Decor,174,3,470.0846522,15,Instagram,South West,21
36,1756,2024-06-23,137,Electronics,496,2,149.9516227,48,Facebook,South West,31
90,1757,2023-10-07,160,Home Decor,350,3,222.4906219,31,Instagram,North West,18
8,1758,2024-06-19,148,Books,17,4,556.0581253,4,Direct,South West,43
58,1759,2024-01-11,177,Electronics,293,4,666.9594405,21,Facebook,Midlands,32
60,1760,2024-08-27,128,Electronics,14,4,565.9255225,16,Direct,North West,30
50,1761,2024-09-06,169,Home Decor,154,4,596.97772755,21,Facebook,South West,33
28,1762,2024-03-27,177,Home Decor,110,4,556.7490086,8,Instagram,London,32
92,1763,2024-08-03,181,Books,173,2,315.5737232,34,Direct,London,18
41,1764,2024-06-15,140,Sports,383,1,580.5939006,6,Facebook,Midlands,32
100,1765,2024-08-28,145,Electronics,156,3,287.1739888,42,Direct,North West,20
64,1766,2024-03-06,196,Books,73,3,466.3681348,10,Facebook,South West,18
27,1767,2023-10-10,162,Clothing,100,4,699.36946725,27,Email,South West,26
63,1768,2024-01-24,193,Clothing,126,3,575.2694901,12,Instagram,London,30
17,1769,2024-01-25,158,Electronics,363,4,320.3219025,33,Direct,Midlands,25
73,1770,2024-03-30,167,Sports,276,2,281.7719099,32,Email,London,30
33,1771,2024-05-23,156,Books,319,2,192.9077024,41,Instagram,London,21
84,1772,2024-04-11,140,Home Decor,182,1,517.9102794,25,Instagram,Midlands,20
77,1773,2024-07-26,198,Electronics,56,2,578.4195729,24,Direct,North West,25
92,1774,2023-12-19,140,Electronics,149,2,572.6510142,4,Direct,South West,30
29,1775,2023-12-02,191,Home Decor,255,1,564.3594954,22,Facebook,North West,33
13,1776,2024-08-28,177,Clothing,158,3,613.84279,0,Email,South East,33
46,1777,2023-11-17,133,Clothing,255,4,168.0301736,42,Email,South East,35
35,1778,2023-12-16,106,Clothing,404,4,373.3008513,35,Direct,South East,19
6,1779,2024-02-27,188,Electronics,496,3,552.5178488,15,Instagram,Midlands,21
82,1780,2024-01-29,119,Clothing,485,1,711.8604195,25,Direct,London,19
69,1781,2024-07-01,180,Books,14,3,377.385601,32,Instagram,North West,24
47,1782,2024-09-10,140,Home Decor,474,2,266.6534288,39,Instagram,South West,24
25,1783,2023-10-14,192,Home Decor,193,1,491.9522744,3,Direct,South East,18
66,1784,2024-05-10,197,Clothing,29,1,568.8682056,11,Google,North West,27
10,1785,2024-01-01,159,Electronics,434,1,527.1122867,7,Email,South East,20
56,1786,2024-05-24,159,Clothing,55,4,529.5336939,10,Instagram,South East,18
30,1787,2024-01-14,148,Electronics,21,3,395.9003927,32,Email,South West,27
5,1788,2024-05-01,141,Sports,79,1,322.1346498,31,Google,Midlands,25
33,1789,2023-10-07,113,Sports,26,1,546.8169592,10,Facebook,North East,27
65,1790,2024-01-09,145,Clothing,380,1,602.704057,0,Google,Midlands,18
18,1791,2023-11-18,189,Clothing,156,3,579.6829004,15,Google,North West,32
96,1792,2023-11-10,153,Clothing,163,4,207.6792917,48,Instagram,Midlands,32
49,1793,2024-03-07,142,Sports,313,2,559.2463752,27,Email,North West,29
11,1794,2024-02-21,200,Electronics,117,4,581.92867155,25,Direct,North West,20
85,1795,2023-11-07,163,Electronics,245,1,589.8596412,7,Email,London,23
26,1796,2023-11-29,127,Clothing,317,4,664.2624243,25,Direct,South West,34
63,1797,2024-01-22,138,Home Decor,361,4,330.7962373,39,Google,London,32
89,1798,2024-01-04,160,Electronics,79,2,345.0556623,34,Google,Midlands,30
86,1799,2024-09-17,107,Sports,192,3,644.04822945,21,Facebook,North West,26
59,1800,2024-04-26,105,Home Decor,259,3,654.7554801,22,Email,South East,28
27,1801,2024-07-15,145,Home Decor,237,4,292.9566043,33,Google,South East,35
49,1802,2023-12-02,158,Home Decor,111,4,666.81367485,22,Google,North West,18
77,1803,2024-01-02,131,Books,84,3,660.9857437,3,Email,London,43
33,1804,2024-08-16,123,Clothing,426,3,536.6566611,16,Facebook,South West,19
98,1805,2024-09-11,142,Sports,455,2,167.6884074,47,Google,London,18
99,1806,2024-02-28,110,Books,225,1,205.0349607,36,Email,North West,23
1,1807,2024-07-19,132,Sports,416,4,167.9811597,47,Google,North West,35
21,1808,2023-12-23,153,Sports,408,3,181.4158545,50,Instagram,North East,24
55,1809,2024-02-05,130,Home Decor,420,4,460.4147681,17,Instagram,Midlands,21
6,1810,2024-06-18,139,Home Decor,212,4,534.387811,16,Direct,Midlands,36
92,1811,2024-09-13,131,Clothing,201,3,494.0458535,13,Google,South West,21
81,1812,2024-03-03,182,Books,258,2,280.4919975,38,Facebook,Midlands,30
69,1813,2024-05-29,200,Books,251,4,597.3606667500001,28,Google,North East,30
95,1814,2023-12-23,102,Books,474,2,648.2818187,0,Direct,Midlands,39
5,1815,2024-02-13,178,Clothing,188,3,569.45537,14,Email,Midlands,51
3,1816,2024-03-29,177,Home Decor,446,1,537.8143464,8,Facebook,Midlands,23
53,1817,2023-12-20,193,Sports,471,1,527.6037717,18,Direct,South East,18
23,1818,2023-10-01,112,Electronics,228,4,530.0477142,25,Email,Midlands,49
53,1819,2024-05-03,139,Home Decor,91,3,589.8616843,2,Google,South East,21
37,1820,2024-04-25,166,Sports,101,2,225.5415194,46,Email,South West,33
74,1821,2024-08-26,196,Books,444,4,528.7663176000001,30,Direct,London,25
74,1822,2024-06-09,113,Sports,184,3,167.5885459,47,Email,South West,18
83,1823,2024-02-09,146,Books,248,3,694.4374065000001,21,Facebook,London,22
17,1824,2023-12-01,127,Home Decor,269,2,296.5858008,45,Email,South West,25
85,1825,2024-08-19,117,Books,400,4,601.7245286,5,Email,London,32
78,1826,2024-02-22,195,Clothing,374,3,619.7934416,11,Google,London,33
73,1827,2023-12-24,198,Books,172,3,619.2179447999999,21,Email,North East,31
1,1828,2024-01-25,160,Sports,57,3,159.1296029,48,Google,London,28
51,1829,2024-05-17,164,Clothing,338,2,469.6856522,12,Facebook,London,20
45,1830,2024-06-12,188,Clothing,337,4,365.9936842,37,Direct,North West,18
77,1831,2024-08-08,135,Sports,125,4,281.8860007,39,Facebook,Midlands,34
4,1832,2024-08-14,170,Sports,438,4,175.777905,43,Instagram,Midlands,21
62,1833,2023-11-18,183,Home Decor,346,4,620.384448,26,Instagram,North West,29
65,1834,2024-02-23,130,Home Decor,346,1,636.9225978,24,Instagram,South East,26
32,1835,2023-10-10,171,Electronics,378,1,431.2108499,14,Google,London,23
34,1836,2024-04-08,174,Home Decor,234,4,644.6250358,1,Email,London,29
92,1837,2023-12-19,196,Electronics,361,2,516.7796144,17,Facebook,North West,32
95,1838,2024-05-18,198,Home Decor,337,1,482.0635403,17,Facebook,North West,39
72,1839,2024-04-24,163,Clothing,156,3,626.8770903,27,Facebook,South East,30
39,1840,2024-05-16,128,Books,72,1,242.144369,40,Facebook,Midlands,31
26,1841,2024-08-23,160,Sports,303,3,497.8830441,13,Instagram,South West,40
34,1842,2024-08-14,179,Home Decor,332,4,389.8425519,34,Facebook,Midlands,30
54,1843,2024-07-06,194,Books,452,1,153.1022766,50,Email,London,31
3,1844,2024-09-12,137,Sports,334,2,495.86011095,25,Instagram,North West,18
50,1845,2024-10-01,193,Electronics,22,1,112.4574235,42,Facebook,South East,28
12,1846,2023-10-08,122,Electronics,440,1,334.5869298,31,Google,Midlands,18
65,1847,2024-07-05,168,Clothing,198,1,467.5200022,16,Direct,South East,28
54,1848,2024-09-19,120,Home Decor,296,4,484.8554203,10,Direct,Midlands,23
5,1849,2024-03-07,196,Electronics,217,2,292.8553771,44,Direct,London,31
94,1850,2024-06-03,200,Home Decor,123,1,681.42886455,20,Instagram,South West,34
94,1851,2023-12-20,168,Sports,489,2,523.5630783,25,Facebook,South East,32
57,1852,2024-03-04,191,Home Decor,31,4,427.7291153,18,Instagram,North East,29
17,1853,2023-11-17,164,Clothing,358,3,198.2452049,45,Email,South West,25
47,1854,2024-01-23,117,Electronics,223,1,473.7293981,16,Google,North East,52
23,1855,2023-10-12,112,Sports,180,2,309.0644679,39,Google,South East,28
79,1856,2024-08-30,122,Electronics,332,2,444.0690464,13,Direct,North East,26
85,1857,2024-07-13,117,Electronics,63,4,523.2042781,16,Direct,Midlands,18
14,1858,2023-12-30,110,Electronics,403,1,582.2045266,8,Direct,North East,23
66,1859,2024-07-17,165,Sports,307,3,561.0178049,6,Facebook,London,35
75,1860,2023-11-24,122,Sports,329,2,220.3000943,46,Email,South East,36
51,1861,2024-09-02,190,Home Decor,135,1,635.0999253,26,Email,London,18
38,1862,2024-03-12,182,Books,286,3,573.3855462,24,Email,North East,29
64,1863,2023-12-11,150,Home Decor,473,2,336.2900782,33,Email,South West,18
98,1864,2024-09-30,114,Electronics,213,2,605.7442326,29,Direct,Midlands,26
38,1865,2024-08-11,164,Clothing,203,3,545.4172636,7,Google,South East,18
50,1866,2024-01-21,147,Books,178,3,199.5939934,46,Direct,North West,29
98,1867,2023-12-08,129,Electronics,161,4,593.9185326,4,Email,South West,28
82,1868,2023-10-14,176,Sports,44,1,241.7979375,43,Direct,South East,28
30,1869,2024-01-10,136,Books,193,1,260.2656048,32,Email,London,36
79,1870,2024-07-02,199,Clothing,295,4,550.0721872,7,Instagram,Midlands,18
91,1871,2024-09-28,152,Clothing,66,2,265.3649719,31,Google,North East,36
51,1872,2024-06-21,176,Home Decor,231,3,446.8698657,10,Instagram,South West,26
63,1873,2024-09-17,107,Books,312,3,596.5503189,6,Facebook,South West,33
98,1874,2024-04-27,129,Home Decor,172,3,548.41420455,26,Direct,London,18
52,1875,2024-04-15,111,Electronics,28,2,453.0377334,9,Facebook,South West,34
38,1876,2024-01-09,133,Sports,379,3,623.4671733,15,Direct,South East,18
97,1877,2024-06-10,106,Electronics,273,3,295.9234444,32,Instagram,South West,27
88,1878,2024-03-06,179,Home Decor,291,4,204.5763871,43,Facebook,Midlands,43
79,1879,2024-05-18,132,Books,122,2,571.0767419,11,Email,South East,18
30,1880,2024-02-28,151,Home Decor,497,1,489.150414,4,Direct,North West,32
51,1881,2023-10-31,175,Books,336,4,521.2211418,2,Email,South West,18
81,1882,2024-06-12,158,Electronics,39,4,604.17582105,26,Instagram,South West,27
5,1883,2023-10-20,187,Clothing,144,1,468.7796918,7,Email,Midlands,18
29,1884,2024-06-17,126,Home Decor,76,4,618.5306518,2,Instagram,Midlands,18
4,1885,2024-02-26,198,Clothing,74,2,218.6516135,46,Facebook,London,35
10,1886,2024-09-27,146,Electronics,301,3,310.0290097,38,Instagram,London,27
56,1887,2023-12-14,198,Books,34,2,263.1673222,42,Google,London,24
17,1888,2024-02-01,129,Sports,46,1,515.2059954,14,Google,Midlands,18
74,1889,2024-05-02,104,Books,10,1,316.0143479,34,Google,London,33
17,1890,2024-08-12,181,Sports,408,4,254.8004024,44,Direct,London,29
84,1891,2024-05-17,199,Electronics,46,2,503.55878129999996,26,Facebook,North West,27
88,1892,2024-06-07,113,Books,150,2,487.4814825,14,Direct,London,19
69,1893,2024-01-02,139,Clothing,241,1,484.71149519999994,27,Instagram,South West,18
34,1894,2024-03-18,115,Books,145,2,489.77576039999997,30,Direct,Midlands,25
6,1895,2023-11-10,129,Sports,398,1,351.5064216,31,Facebook,South East,21
53,1896,2024-04-06,129,Clothing,197,2,440.5021134,15,Google,North West,18
66,1897,2024-04-27,175,Sports,137,2,663.73522215,23,Instagram,Midlands,38
77,1898,2024-03-28,132,Clothing,210,2,309.7790966,41,Facebook,Midlands,28
43,1899,2024-07-23,102,Home Decor,136,1,689.56807965,22,Instagram,South West,18
75,1900,2023-11-29,147,Electronics,266,4,583.1278158,6,Instagram,London,39
23,1901,2023-10-30,178,Electronics,173,2,460.5568856,18,Email,South West,24
55,1902,2024-05-13,184,Sports,44,1,167.1758322,44,Facebook,London,18
80,1903,2024-01-03,122,Electronics,203,1,282.4950274,36,Direct,London,21
95,1904,2024-05-26,175,Sports,200,2,327.0963438,32,Direct,Midlands,28
75,1905,2024-03-14,127,Sports,113,2,173.1545686,43,Google,London,31
16,1906,2024-05-04,167,Electronics,32,4,539.0700933,9,Facebook,North West,18
8,1907,2024-06-29,181,Electronics,274,1,266.4409914,43,Instagram,North West,33
4,1908,2024-09-20,156,Books,299,1,189.0518207,44,Direct,North West,23
4,1909,2024-03-16,192,Electronics,439,3,207.6796081,31,Direct,Midlands,20
56,1910,2024-03-06,193,Sports,471,1,513.2322326,7,Google,South West,24
25,1911,2023-12-05,121,Books,393,4,381.3572527,18,Instagram,South East,23
67,1912,2024-07-06,147,Sports,269,3,148.5172622,50,Email,London,34
96,1913,2024-04-18,180,Clothing,423,3,611.2323843,20,Google,South East,38
67,1914,2023-12-27,159,Sports,488,3,579.8457851,3,Instagram,South West,33
27,1915,2024-07-20,184,Home Decor,367,2,318.6127184,42,Facebook,South West,32
93,1916,2024-05-05,106,Sports,84,2,428.5834573,17,Instagram,Midlands,29
32,1917,2024-09-10,119,Clothing,364,1,297.0186323,35,Instagram,North West,21
50,1918,2024-02-12,157,Clothing,81,3,592.4216373,26,Google,North West,31
61,1919,2024-05-04,169,Clothing,268,4,477.033044,15,Email,South West,45
51,1920,2024-01-10,103,Sports,407,2,607.7320624,4,Instagram,Midlands,32
19,1921,2024-07-24,101,Sports,197,4,534.8809998,15,Instagram,Midlands,36
21,1922,2023-11-13,158,Electronics,470,4,315.5284032,41,Email,North East,33
5,1923,2024-01-19,138,Books,182,2,518.44486035,25,Instagram,North East,28
82,1924,2024-05-27,115,Clothing,489,2,679.1169224,4,Email,South West,44
92,1925,2024-07-05,134,Home Decor,299,2,253.0299716,41,Google,North East,49
42,1926,2024-09-30,161,Sports,54,2,251.294367,39,Facebook,North West,18
61,1927,2023-10-12,135,Clothing,70,3,553.7857806,0,Google,London,32
22,1928,2024-01-28,164,Electronics,92,3,683.35634175,23,Facebook,Midlands,30
21,1929,2024-07-09,125,Clothing,132,3,505.50772365,27,Facebook,South West,36
70,1930,2023-11-18,124,Electronics,367,3,173.2961012,49,Google,North West,30
1,1931,2024-04-17,112,Books,25,1,277.1214203,44,Direct,South East,24
5,1932,2024-05-27,118,Sports,75,3,233.4237138,32,Google,North East,29
12,1933,2024-03-31,115,Clothing,433,2,509.0215589,12,Instagram,London,18
90,1934,2024-01-05,180,Electronics,154,4,491.62303035,26,Instagram,North West,28
46,1935,2024-09-21,127,Home Decor,384,3,482.3940247,17,Direct,South East,18
34,1936,2024-09-03,172,Clothing,171,1,226.9107927,35,Direct,London,18
49,1937,2023-12-27,160,Home Decor,243,2,392.0669237,38,Email,South West,35
78,1938,2023-10-03,146,Home Decor,389,4,243.6523122,40,Instagram,London,18
90,1939,2024-06-21,189,Books,153,4,444.1635956,13,Direct,South East,18
45,1940,2024-06-23,117,Clothing,367,3,317.1917429,35,Google,Midlands,37
27,1941,2024-06-18,193,Clothing,197,4,159.027266,41,Direct,Midlands,18
73,1942,2024-07-21,153,Sports,331,3,317.6615513,38,Facebook,North West,31
26,1943,2024-01-09,108,Electronics,459,3,508.25488005,29,Google,South East,19
47,1944,2024-01-26,179,Books,483,2,594.461779,2,Email,London,28
86,1945,2023-11-29,127,Clothing,22,2,254.2036538,38,Instagram,London,22
56,1946,2024-03-13,146,Books,193,1,444.2579989,18,Instagram,Midlands,27
94,1947,2024-06-18,150,Clothing,120,2,203.2128555,44,Direct,Midlands,25
63,1948,2023-11-08,171,Books,424,2,247.3727061,39,Google,South West,18
48,1949,2024-03-12,103,Home Decor,299,3,331.7968539,32,Direct,Midlands,49
61,1950,2023-12-28,193,Clothing,304,2,581.21423,8,Google,South West,21
81,1951,2024-04-25,164,Books,460,3,607.8747291,8,Direct,London,29
26,1952,2024-09-05,144,Electronics,401,3,631.3766157,20,Direct,South West,22
36,1953,2024-06-22,153,Home Decor,224,2,497.9792209,17,Facebook,South West,35
1,1954,2024-02-10,124,Home Decor,471,1,185.3452214,50,Direct,North West,42
8,1955,2023-10-25,160,Electronics,129,1,527.5297769,1,Facebook,Midlands,28
99,1956,2024-01-03,103,Electronics,391,4,209.5420254,32,Google,South West,25
52,1957,2024-09-04,120,Sports,64,4,208.6943384,41,Email,London,29
79,1958,2023-12-17,146,Electronics,36,2,666.70264245,27,Instagram,South East,33
47,1959,2024-06-24,115,Books,127,1,540.5483676,6,Direct,South West,27
56,1960,2023-12-21,125,Electronics,230,3,154.9600661,46,Direct,Midlands,46
86,1961,2024-03-03,194,Home Decor,240,4,442.2342416,18,Google,North West,18
14,1962,2024-03-24,178,Sports,62,3,529.5250041,6,Direct,London,30
90,1963,2024-01-07,171,Books,304,4,481.9930446,29,Google,North West,31
28,1964,2023-10-22,117,Sports,330,2,690.78784395,24,Google,South East,32
87,1965,2024-03-19,184,Clothing,410,1,504.9540605,8,Direct,South West,23
78,1966,2024-02-23,200,Electronics,242,4,320.2334614,42,Direct,South West,24
88,1967,2024-01-10,109,Electronics,167,1,557.37475575,24,Google,North East,29
2,1968,2024-06-01,138,Electronics,446,3,497.22443325,29,Facebook,North East,18
26,1969,2024-04-01,148,Books,278,2,602.068576,6,Email,London,18
14,1970,2024-01-09,160,Books,30,1,683.4011783999999,22,Facebook,South East,25
59,1971,2024-04-14,163,Clothing,412,2,250.5815368,45,Facebook,North West,31
56,1972,2024-01-20,186,Sports,62,1,538.6077618,3,Google,South East,26
7,1973,2024-05-14,102,Clothing,284,3,586.07558625,25,Instagram,South West,27
3,1974,2024-06-24,188,Clothing,322,3,494.4752212,19,Direct,North West,20
23,1975,2024-01-06,172,Electronics,290,2,302.3148162,37,Instagram,North East,18
18,1976,2024-05-26,111,Electronics,223,3,497.8641401,11,Facebook,South East,29
38,1977,2023-10-12,164,Books,40,4,433.8958581,16,Google,North West,37
99,1978,2023-10-26,177,Clothing,346,1,655.0371123,4,Direct,North West,38
15,1979,2024-01-06,181,Clothing,192,3,691.4463594,25,Facebook,North West,18
64,1980,2024-09-16,172,Electronics,32,4,595.7270347,3,Facebook,London,38
89,1981,2024-07-28,121,Clothing,41,2,530.5513012,0,Google,North East,38
28,1982,2024-06-19,118,Books,455,4,522.6068379,22,Email,North West,37
74,1983,2023-12-29,194,Books,83,2,528.8600099,12,Direct,South East,18
39,1984,2024-09-09,164,Clothing,19,2,124.3279103,45,Email,North East,18
57,1985,2023-11-08,182,Clothing,493,1,516.5478146,12,Email,Midlands,40
17,1986,2023-11-21,195,Clothing,465,1,327.9548477,32,Instagram,Midlands,18
86,1987,2023-10-17,138,Clothing,63,4,492.1590008,15,Google,Midlands,18
90,1988,2024-05-06,132,Clothing,61,1,261.6706234,39,Facebook,South West,45
44,1989,2024-06-16,111,Home Decor,157,1,247.8697128,41,Google,North West,34
25,1990,2024-09-11,145,Books,169,1,628.46250975,29,Instagram,South West,36
17,1991,2024-01-31,189,Sports,379,4,149.6878314,48,Google,South East,50
13,1992,2024-06-15,133,Sports,23,3,275.6379328,33,Facebook,South West,24
84,1993,2024-02-11,141,Home Decor,187,1,731.9848926,22,Email,South East,41
25,1994,2024-06-28,108,Clothing,421,1,360.1272358,32,Direct,South East,28
68,1995,2024-08-30,111,Home Decor,375,4,98.26580436,50,Direct,South East,50
10,1996,2024-03-29,186,Home Decor,62,3,593.3862841499999,23,Direct,South West,18
67,1997,2024-09-24,151,Home Decor,417,1,565.3173396,15,Instagram,North West,34
18,1998,2024-06-20,188,Books,344,2,570.8844971999999,24,Instagram,South West,18
100,1999,2024-03-28,141,Sports,31,4,636.1162638,0,Instagram,North West,34
86,2000,2024-09-23,117,Clothing,39,1,665.5044479999999,25,Email,North West,18
