customer_id,order_id,order_date,product_id,product_category,product_price,quantity,revenue,discount,web_traffic_source,customer_age_group,customer_region,customer_lifetime_value
52,1001,2023-01-01,134,Sports,392,3,132.49148290675103,45,Google,26-35,London,1123
93,1002,2023-01-02,108,Electronics,77,4,179.86873596043088,43,Google,26-35,South East,322
15,1003,2023-01-03,140,Sports,375,1,350.9856458662222,43,Facebook,56+,North West,1362
72,1004,2023-01-04,183,Sports,381,3,360.2879198353048,30,Direct,56+,Midlands,1452
61,1005,2023-01-05,142,Home Decor,223,3,336.9648561758761,32,Facebook,,South West,1497
21,1006,2023-01-06,141,Clothing,152,4,616.5283374220029,9,Instagram,56+,South West,638
83,1007,2023-01-07,106,Clothing,385,2,195.0501564754145,44,Instagram,56+,London,1221
87,1008,2023-01-08,152,Sports,241,4,294.07080761875386,38,Email,26-35,North West,761
75,1009,2023-01-09,126,Electronics,222,3,447.3017465417354,18,Google,56+,South East,317
75,1010,2023-01-10,164,Clothing,88,3,501.2969252921023,8,Email,18-25,,1104
88,1011,2023-01-11,198,Electronics,223,2,209.0929174246414,47,Instagram,,London,594
100,1012,2023-01-12,159,Electronics,125,2,325.4211950232112,28,Instagram,46-55,North West,1075
24,1013,2023-01-13,156,Books,101,2,137.31661515420038,50,Google,56+,North West,1134
3,1014,2023-01-14,159,Sports,279,4,382.8647343983162,31,Email,36-45,London,1301
22,1015,2023-01-15,170,Electronics,420,2,534.5289349228029,20,Instagram,36-45,London,1151
53,1016,2023-01-16,133,Books,390,3,425.2727718731872,23,Email,56+,South East,274
2,1017,2023-01-17,153,Sports,498,3,379.3538780904448,23,Instagram,26-35,London,494
88,1018,2023-01-18,122,Clothing,177,1,228.69828899263757,48,Instagram,46-55,South East,220
30,1019,2023-01-19,121,Home Decor,67,4,432.1836634770307,14,Google,56+,South East,1394
38,1020,2023-01-20,170,Clothing,293,1,679.8156705509937,0,Instagram,46-55,Midlands,1238
2,1021,2023-01-21,170,Clothing,35,3,387.0325224764712,27,Google,56+,North West,1434
64,1022,2023-01-22,104,Clothing,378,1,590.1467051615962,3,Facebook,46-55,North West,759
60,1023,2023-01-23,194,Clothing,456,3,368.3490578648511,30,Instagram,,North West,1309
21,1024,2023-01-24,175,Clothing,75,1,464.84810635038815,25,Google,,Midlands,1372
33,1025,2023-01-25,162,Sports,418,2,464.82528924316097,21,Direct,46-55,South East,571
76,1026,2023-01-26,162,Electronics,257,1,333.74427196308466,22,Email,18-25,South East,1017
58,1027,2023-01-27,194,Home Decor,263,2,439.49061901322295,20,Email,36-45,London,1374
22,1028,2023-01-28,195,Books,396,2,225.6447417775921,39,Direct,26-35,,1364
89,1029,2023-01-29,124,Home Decor,465,4,298.309490641983,41,Instagram,46-55,London,1292
49,1030,2023-01-30,155,Books,53,2,284.8965007067963,39,Instagram,56+,,1483
91,1031,2023-01-31,109,Electronics,106,2,201.52268567027247,50,Email,,London,1045
59,1032,2023-02-01,103,Electronics,51,1,509.8317392116941,16,Direct,26-35,South West,720
42,1033,2023-02-02,131,Electronics,236,3,222.8527865727428,43,Direct,36-45,North West,570
92,1034,2023-02-03,140,Clothing,271,4,304.4339909527875,36,Facebook,56+,North West,300
60,1035,2023-02-04,136,Sports,176,2,319.3964145164623,39,Facebook,18-25,,860
80,1036,2023-02-05,124,Clothing,445,4,147.67428010766352,47,Google,26-35,,1167
15,1037,2023-02-06,195,Books,288,1,413.2358625373126,25,Email,46-55,North West,442
62,1038,2023-02-07,106,Sports,98,2,204.2554500128889,47,Google,26-35,South East,952
62,1039,2023-02-08,166,Home Decor,388,1,320.2239149056003,27,Direct,18-25,South West,711
47,1040,2023-02-09,184,Home Decor,187,4,181.25487969089477,44,Instagram,,North West,1048
62,1041,2023-02-10,192,Sports,436,1,382.4389203467188,35,Facebook,26-35,London,754
51,1042,2023-02-11,175,Sports,412,4,251.87635469852896,41,Direct,18-25,Midlands,1318
55,1043,2023-02-12,104,Clothing,206,1,617.8725369863479,8,Instagram,56+,,425
64,1044,2023-02-13,179,Clothing,316,4,287.9577885804835,45,Instagram,26-35,South East,413
3,1045,2023-02-14,106,Home Decor,276,3,227.48123192942649,50,Instagram,46-55,South West,917
51,1046,2023-02-15,194,Home Decor,277,1,366.7901706575035,32,Direct,26-35,South East,266
7,1047,2023-02-16,151,Sports,83,1,238.01668548940185,35,Instagram,36-45,South West,595
21,1048,2023-02-17,162,Clothing,17,3,584.1474855075742,8,Instagram,26-35,,811
73,1049,2023-02-18,157,Electronics,417,3,167.7212976918205,50,Direct,36-45,North West,1235
39,1050,2023-02-19,166,Electronics,485,1,624.7938969944789,4,Google,26-35,London,1460
18,1051,2023-02-20,179,Home Decor,306,3,343.7868068308792,29,Direct,36-45,North West,969
4,1052,2023-02-21,175,Sports,173,2,487.9099931370527,5,Facebook,46-55,London,606
89,1053,2023-02-22,108,Books,494,4,507.11450163872325,13,Google,56+,North West,1124
60,1054,2023-02-23,126,Electronics,94,4,492.84243536603327,13,Email,36-45,North West,846
14,1055,2023-02-24,151,Books,81,4,206.80569224660516,31,Google,,South West,421
9,1056,2023-02-25,145,Home Decor,64,2,164.7952041715608,45,Google,46-55,Midlands,1379
90,1057,2023-02-26,144,Clothing,402,3,520.5824390531395,5,Email,36-45,,853
53,1058,2023-02-27,105,Home Decor,56,3,484.3922768552675,17,Email,46-55,South East,627
2,1059,2023-02-28,170,Sports,408,1,331.0771321545672,37,Email,46-55,South East,1381
84,1060,2023-03-01,126,Books,441,3,454.4760153135465,22,Direct,,London,1176
92,1061,2023-03-02,168,Books,247,1,351.7428352896798,33,Instagram,46-55,South East,1205
60,1062,2023-03-03,119,Books,113,2,486.6278760286037,12,Direct,36-45,South East,570
71,1063,2023-03-04,184,Home Decor,219,4,223.28098754158364,41,Instagram,18-25,South West,1485
44,1064,2023-03-05,197,Sports,51,4,624.8308388070747,6,Instagram,,North West,1049
8,1065,2023-03-06,120,Clothing,325,4,546.2984454503102,5,Instagram,46-55,South East,1055
47,1066,2023-03-07,112,Clothing,477,3,301.9673733162279,41,Facebook,36-45,,428
35,1067,2023-03-08,147,Home Decor,463,1,661.4298278689103,0,Google,,,479
78,1068,2023-03-09,101,Books,277,1,359.11385503442585,28,Facebook,46-55,London,1270
81,1069,2023-03-10,190,Electronics,395,2,217.03046936703493,46,Instagram,36-45,London,1174
36,1070,2023-03-11,114,Home Decor,272,3,564.7117766103099,10,Facebook,26-35,,1437
50,1071,2023-03-12,164,Home Decor,345,2,159.59598294740584,47,Email,,,957
4,1072,2023-03-13,138,Sports,396,1,258.30482888895955,40,Google,46-55,South West,1247
2,1073,2023-03-14,137,Clothing,374,1,514.1550246132673,12,Email,36-45,Midlands,520
6,1074,2023-03-15,111,Electronics,268,4,562.4122228103996,7,Google,26-35,South East,473
54,1075,2023-03-16,200,Books,292,3,555.4984071751802,7,Instagram,18-25,South West,755
4,1076,2023-03-17,177,Books,123,1,301.92814814231434,46,Google,56+,South West,1043
54,1077,2023-03-18,103,Clothing,372,4,395.65272777047227,27,Google,,South East,867
93,1078,2023-03-19,133,Electronics,49,3,246.00861556706369,41,Google,36-45,South East,1199
63,1079,2023-03-20,106,Sports,495,2,202.71371415873384,43,Facebook,26-35,South West,579
18,1080,2023-03-21,150,Electronics,426,3,397.0285256914625,30,Email,26-35,South West,910
90,1081,2023-03-22,110,Books,229,3,265.43094874346264,33,Instagram,46-55,South West,945
44,1082,2023-03-23,105,Clothing,138,1,305.18826976866313,39,Google,18-25,South East,874
34,1083,2023-03-24,123,Books,17,1,528.0238690577261,10,Direct,26-35,,315
74,1084,2023-03-25,110,Sports,110,3,452.7012072894531,12,Instagram,56+,London,804
62,1085,2023-03-26,144,Books,425,1,468.7024928335742,22,Email,18-25,South East,1265
100,1086,2023-03-27,102,Sports,389,1,613.2594471648795,3,Direct,18-25,London,578
14,1087,2023-03-28,113,Sports,185,1,222.02667244090455,39,Facebook,36-45,North West,1429
95,1088,2023-03-29,140,Home Decor,116,4,291.68977317571114,32,Instagram,26-35,South East,665
48,1089,2023-03-30,102,Sports,110,4,291.07251896009546,41,Google,,North West,479
15,1090,2023-03-31,184,Sports,269,3,291.50728609452824,32,Google,46-55,South West,817
72,1091,2023-04-01,165,Clothing,487,1,199.1124658907953,46,Instagram,18-25,,317
78,1092,2023-04-02,163,Electronics,463,4,223.3809408885952,37,Direct,36-45,Midlands,1460
87,1093,2023-04-03,173,Electronics,375,3,277.21170328887024,35,Instagram,36-45,South West,508
62,1094,2023-04-04,117,Electronics,255,1,506.25021616298346,18,Instagram,56+,,299
40,1095,2023-04-05,109,Sports,284,2,356.5905010018282,28,Google,56+,South West,460
85,1096,2023-04-06,175,Clothing,41,1,504.55861091875306,21,Email,26-35,South East,1192
80,1097,2023-04-07,115,Books,146,1,265.89296306466167,36,Google,,South West,485
82,1098,2023-04-08,124,Clothing,21,4,427.992874141229,22,Instagram,36-45,Midlands,527
53,1099,2023-04-09,138,Books,404,3,626.3670986575555,13,Direct,36-45,South West,1326
24,1100,2023-04-10,135,Clothing,311,3,504.688010193014,14,Google,46-55,North West,262
26,1101,2023-04-11,194,Clothing,384,4,661.0495052855723,0,Instagram,36-45,,886
89,1102,2023-04-12,195,Sports,25,1,393.0498491619864,16,Direct,,South West,937
60,1103,2023-04-13,149,Clothing,138,2,576.3167794786511,7,Google,56+,North West,1230
41,1104,2023-04-14,169,Home Decor,72,1,237.04734718523656,43,Facebook,18-25,North West,838
29,1105,2023-04-15,162,Sports,118,1,479.7021253891445,25,Instagram,56+,Midlands,1135
15,1106,2023-04-16,160,Clothing,384,2,602.1020741718074,2,Direct,46-55,South East,1315
45,1107,2023-04-17,150,Books,30,4,367.81425253656033,24,Instagram,36-45,Midlands,1413
65,1108,2023-04-18,178,Electronics,167,3,484.1851967691453,16,Facebook,,London,675
89,1109,2023-04-19,175,Home Decor,278,4,635.0537576043967,0,Email,36-45,Midlands,252
71,1110,2023-04-20,109,Books,171,4,646.452836208684,0,Direct,56+,South West,953
9,1111,2023-04-21,134,Clothing,269,1,462.1606586889503,8,Facebook,36-45,South East,685
88,1112,2023-04-22,176,Books,421,3,279.011356784441,34,Facebook,18-25,South West,1335
1,1113,2023-04-23,199,Electronics,111,3,213.0206225006517,48,Email,36-45,London,608
8,1114,2023-04-24,135,Electronics,232,4,613.2919340913282,0,Google,46-55,South East,1230
88,1115,2023-04-25,101,Clothing,68,2,290.48516186814544,32,Google,18-25,North West,867
63,1116,2023-04-26,140,Sports,256,4,301.536295370397,36,Instagram,36-45,Midlands,1420
11,1117,2023-04-27,164,Clothing,137,2,435.3937934997725,24,Email,26-35,South West,1034
81,1118,2023-04-28,122,Sports,292,3,174.82296608392662,48,Direct,26-35,London,1075
8,1119,2023-04-29,160,Clothing,334,4,322.0375665311413,29,Direct,56+,North West,566
35,1120,2023-04-30,164,Books,34,1,611.3514408291429,7,Email,18-25,Midlands,1201
35,1121,2023-05-01,193,Books,140,4,143.03036528034852,50,Direct,26-35,North West,449
33,1122,2023-05-02,172,Books,362,3,580.2204837605851,13,Google,46-55,Midlands,1463
5,1123,2023-05-03,111,Electronics,205,1,440.15147762831486,24,Direct,56+,South East,579
41,1124,2023-05-04,114,Electronics,290,1,465.7672055412375,21,Facebook,18-25,North West,1071
28,1125,2023-05-05,160,Clothing,413,2,163.25045612469205,44,Email,36-45,,1034
7,1126,2023-05-06,130,Electronics,427,1,569.2992222764927,4,Email,18-25,North West,974
73,1127,2023-05-07,135,Sports,163,1,655.955846929443,0,Direct,56+,South East,1118
72,1128,2023-05-08,185,Clothing,391,4,183.53101999786023,43,Facebook,56+,London,654
12,1129,2023-05-09,137,Electronics,142,3,172.4480923355963,47,Email,36-45,Midlands,565
34,1130,2023-05-10,105,Home Decor,236,2,416.0502591371928,20,Instagram,,North West,602
33,1131,2023-05-11,183,Electronics,198,4,363.99579220495247,16,Instagram,26-35,South East,257
48,1132,2023-05-12,178,Electronics,485,1,252.2198439208361,35,Google,46-55,London,720
23,1133,2023-05-13,126,Sports,486,1,606.2809011000519,0,Direct,56+,Midlands,1338
62,1134,2023-05-14,162,Books,274,2,544.4995652847883,4,Facebook,56+,South East,409
88,1135,2023-05-15,104,Clothing,381,3,671.4278854760279,0,Direct,,Midlands,1264
37,1136,2023-05-16,189,Electronics,495,2,591.8324058396032,7,Direct,46-55,North West,1015
99,1137,2023-05-17,142,Books,443,4,526.5918212180408,14,Email,,London,372
44,1138,2023-05-18,189,Electronics,143,2,383.37906020948697,25,Instagram,36-45,South East,433
86,1139,2023-05-19,118,Sports,220,1,289.39060320208546,41,Facebook,26-35,London,992
91,1140,2023-05-20,140,Sports,69,4,466.70092268726967,20,Instagram,,North West,992
35,1141,2023-05-21,172,Books,437,1,318.0677247199874,28,Email,36-45,London,1262
65,1142,2023-05-22,139,Home Decor,386,3,383.8044319070059,21,Direct,26-35,London,318
99,1143,2023-05-23,114,Clothing,404,1,426.6466235031123,26,Email,46-55,South West,534
47,1144,2023-05-24,132,Home Decor,459,1,415.1930938063989,25,Email,,London,1297
78,1145,2023-05-25,151,Clothing,440,2,189.03299590265095,39,Facebook,56+,Midlands,1414
3,1146,2023-05-26,138,Books,373,1,217.1983274910733,40,Facebook,18-25,South East,523
1,1147,2023-05-27,197,Clothing,373,4,381.4558808545642,34,Google,26-35,South West,1210
5,1148,2023-05-28,123,Sports,466,4,336.3517804248692,34,Instagram,56+,South East,1370
90,1149,2023-05-29,163,Electronics,222,3,661.1478287748154,2,Facebook,46-55,South East,483
14,1150,2023-05-30,115,Electronics,225,4,298.6757504746477,38,Direct,18-25,North West,412
27,1151,2023-05-31,197,Books,235,2,225.95864296904935,42,Direct,56+,North West,1128
9,1152,2023-06-01,125,Sports,479,3,264.369831565098,42,Google,18-25,South West,951
79,1153,2023-06-02,117,Home Decor,140,4,190.613731968584,48,Instagram,26-35,North West,538
15,1154,2023-06-03,197,Sports,85,2,205.0563216421805,43,Facebook,46-55,North West,1245
90,1155,2023-06-04,166,Electronics,485,4,235.8433218510545,41,Google,18-25,North West,304
42,1156,2023-06-05,178,Electronics,295,4,468.5001822446668,14,Direct,56+,South East,969
77,1157,2023-06-06,153,Sports,483,1,258.248857220733,27,Facebook,26-35,South West,915
51,1158,2023-06-07,151,Sports,286,4,174.09700862734417,45,Instagram,26-35,South East,962
63,1159,2023-06-08,139,Electronics,165,4,448.9316463019522,24,Google,56+,Midlands,1444
96,1160,2023-06-09,151,Home Decor,257,2,534.8270807384781,10,Direct,56+,South East,578
52,1161,2023-06-10,170,Books,227,2,591.5601865634176,5,Facebook,,Midlands,1445
96,1162,2023-06-11,106,Books,199,1,182.47451395558744,46,Facebook,36-45,London,1481
4,1163,2023-06-12,167,Sports,426,4,312.55884170253904,37,Facebook,26-35,London,912
94,1164,2023-06-13,107,Clothing,478,1,231.83036608737916,36,Instagram,18-25,Midlands,424
23,1165,2023-06-14,151,Clothing,172,4,447.9265818788545,16,Instagram,56+,Midlands,937
15,1166,2023-06-15,172,Sports,189,3,237.0086537592896,35,Instagram,26-35,South East,435
43,1167,2023-06-16,142,Sports,43,3,623.6345265275731,8,Google,56+,,382
29,1168,2023-06-17,164,Sports,50,1,234.2285226377984,39,Google,46-55,South West,911
36,1169,2023-06-18,115,Sports,316,1,436.3789757230815,23,Direct,56+,London,643
13,1170,2023-06-19,129,Home Decor,440,1,499.8957772188376,12,Instagram,56+,London,822
32,1171,2023-06-20,133,Home Decor,347,2,571.323156320874,8,Instagram,56+,Midlands,1229
71,1172,2023-06-21,194,Sports,323,2,409.2815669752452,17,Facebook,36-45,North West,1459
59,1173,2023-06-22,127,Clothing,84,2,473.6220820046117,14,Instagram,56+,,1350
86,1174,2023-06-23,136,Clothing,450,1,578.7555884035719,0,Email,26-35,Midlands,1327
28,1175,2023-06-24,129,Books,288,4,307.7534616427164,31,Email,,South West,948
66,1176,2023-06-25,138,Books,185,3,477.7757119876194,16,Instagram,18-25,North West,354
42,1177,2023-06-26,157,Sports,393,1,622.5124385523054,3,Facebook,36-45,Midlands,456
45,1178,2023-06-27,197,Home Decor,159,2,329.23509090406947,24,Facebook,,South West,434
62,1179,2023-06-28,127,Home Decor,282,2,230.0491118800529,42,Facebook,26-35,South West,699
57,1180,2023-06-29,155,Electronics,334,1,313.5347354271697,36,Google,36-45,South East,488
6,1181,2023-06-30,133,Home Decor,117,1,432.74434611143135,23,Instagram,46-55,South West,709
28,1182,2023-07-01,168,Electronics,148,2,515.9449197181066,11,Facebook,56+,North West,908
28,1183,2023-07-02,186,Books,359,4,289.2282403270809,26,Email,26-35,North West,984
44,1184,2023-07-03,166,Home Decor,280,2,152.73754069376568,40,Direct,,,1093
84,1185,2023-07-04,110,Books,356,2,205.37086346794015,43,Direct,18-25,Midlands,975
30,1186,2023-07-05,105,Electronics,428,1,147.01838251775334,43,Instagram,56+,South West,497
62,1187,2023-07-06,174,Electronics,298,4,433.7293384106002,21,Direct,56+,London,336
75,1188,2023-07-07,197,Home Decor,221,2,240.9781002975249,48,Direct,46-55,South East,575
92,1189,2023-07-08,138,Home Decor,390,2,523.5337202432733,16,Google,46-55,London,286
89,1190,2023-07-09,113,Books,281,3,285.36350974531626,40,Instagram,18-25,South West,1422
62,1191,2023-07-10,131,Books,427,1,465.86799809618935,18,Direct,,South West,636
97,1192,2023-07-11,147,Clothing,75,3,655.2435132913703,2,Google,18-25,London,963
1,1193,2023-07-12,200,Clothing,492,3,225.53019579736429,38,Google,26-35,South East,901
27,1194,2023-07-13,188,Electronics,433,2,557.2668410365167,0,Direct,18-25,London,1141
62,1195,2023-07-14,152,Books,257,1,216.6642394347341,43,Instagram,18-25,Midlands,351
77,1196,2023-07-15,156,Clothing,165,4,442.53710756662167,19,Direct,,North West,1231
3,1197,2023-07-16,115,Electronics,56,2,287.53020859009223,28,Google,18-25,Midlands,1006
70,1198,2023-07-17,129,Books,432,4,449.32218589871263,19,Email,36-45,North West,434
72,1199,2023-07-18,108,Books,463,4,284.97754858629,28,Direct,,South West,874
27,1200,2023-07-19,105,Electronics,210,1,392.33213463981474,29,Instagram,56+,South East,760
9,1201,2023-07-20,129,Home Decor,157,3,459.643060048013,16,Direct,56+,London,237
62,1202,2023-07-21,147,Sports,133,1,192.93485114991208,37,Direct,36-45,South East,1359
37,1203,2023-07-22,168,Sports,10,4,283.75411309861914,34,Google,18-25,London,1021
97,1204,2023-07-23,176,Sports,465,2,212.3408880437013,41,Google,26-35,Midlands,620
51,1205,2023-07-24,145,Books,256,4,590.7658006654823,10,Email,18-25,Midlands,1442
44,1206,2023-07-25,102,Sports,352,2,587.0228147623378,7,Email,18-25,London,547
24,1207,2023-07-26,127,Clothing,137,2,200.2104872371712,44,Google,18-25,,1302
79,1208,2023-07-27,195,Clothing,200,1,383.2952232110199,32,Facebook,46-55,London,947
59,1209,2023-07-28,136,Sports,76,4,289.2169025181894,37,Google,46-55,South West,472
32,1210,2023-07-29,136,Clothing,13,3,584.239328883866,5,Direct,,Midlands,1384
96,1211,2023-07-30,126,Clothing,451,4,236.55473553819732,38,Google,,South West,507
88,1212,2023-07-31,143,Clothing,418,4,410.3335063838329,25,Google,36-45,Midlands,1175
52,1213,2023-08-01,127,Books,312,3,537.367020438172,11,Facebook,36-45,Midlands,932
62,1214,2023-08-02,169,Books,303,1,488.2238445578497,11,Direct,36-45,,1232
58,1215,2023-08-03,120,Clothing,152,4,330.37588628658585,41,Instagram,18-25,South West,643
52,1216,2023-08-04,111,Electronics,200,4,189.68573817028457,41,Instagram,46-55,South West,1336
12,1217,2023-08-05,174,Clothing,30,2,480.2526889219939,20,Email,26-35,North West,1428
39,1218,2023-08-06,138,Home Decor,236,4,535.0360334712338,15,Google,46-55,South East,604
2,1219,2023-08-07,106,Clothing,322,3,374.8623496042525,23,Email,,South West,1052
3,1220,2023-08-08,172,Books,126,2,389.8584902623557,25,Facebook,46-55,London,1420
56,1221,2023-08-09,123,Clothing,446,1,549.6581841888723,2,Instagram,26-35,North West,977
81,1222,2023-08-10,147,Electronics,311,2,249.6606636658144,45,Google,,South West,314
59,1223,2023-08-11,190,Clothing,151,3,540.4080090726109,11,Facebook,26-35,South East,1344
2,1224,2023-08-12,146,Electronics,493,3,291.0918234862049,42,Facebook,18-25,South West,264
2,1225,2023-08-13,112,Sports,469,2,321.99640071535697,33,Google,56+,Midlands,1499
92,1226,2023-08-14,190,Home Decor,410,1,324.5466313864845,36,Facebook,26-35,London,1024
54,1227,2023-08-15,113,Electronics,48,2,536.0072352194405,15,Google,56+,North West,438
87,1228,2023-08-16,162,Sports,402,1,530.4926985647227,3,Email,56+,Midlands,501
96,1229,2023-08-17,182,Books,364,2,479.4614978322441,13,Direct,56+,South East,1168
97,1230,2023-08-18,189,Electronics,261,3,315.4066373156215,42,Email,36-45,Midlands,568
1,1231,2023-08-19,197,Books,342,4,191.26978087657125,44,Facebook,56+,Midlands,432
19,1232,2023-08-20,160,Books,216,4,211.7529724653204,36,Facebook,26-35,,394
2,1233,2023-08-21,143,Books,219,1,550.3699644310811,0,Direct,18-25,Midlands,1106
53,1234,2023-08-22,176,Clothing,124,1,458.2164561470975,23,Direct,46-55,,1235
44,1235,2023-08-23,200,Clothing,234,1,146.3882718268449,48,Direct,18-25,South West,1120
90,1236,2023-08-24,168,Sports,143,3,284.728922507778,32,Instagram,,Midlands,888
32,1237,2023-08-25,105,Clothing,260,2,534.3427446812259,13,Instagram,26-35,North West,376
70,1238,2023-08-26,137,Clothing,228,3,587.9224464281333,3,Instagram,26-35,South West,416
32,1239,2023-08-27,172,Electronics,416,4,323.99309379492547,36,Instagram,46-55,South West,1234
68,1240,2023-08-28,192,Electronics,452,1,417.97779804105295,25,Facebook,36-45,,829
55,1241,2023-08-29,131,Electronics,100,2,245.3596214772816,44,Email,26-35,North West,363
75,1242,2023-08-30,109,Electronics,363,4,252.67588208162897,43,Google,26-35,Midlands,252
56,1243,2023-08-31,151,Clothing,385,4,501.8785369247219,10,Facebook,26-35,South East,417
17,1244,2023-09-01,129,Electronics,55,4,114.5262529359186,49,Facebook,18-25,South West,1198
38,1245,2023-09-02,178,Books,47,3,121.132906620841,48,Direct,46-55,Midlands,1023
24,1246,2023-09-03,140,Books,151,1,342.7269722204027,30,Google,18-25,South West,584
69,1247,2023-09-04,141,Sports,109,4,235.33832594400585,33,Google,46-55,North West,255
98,1248,2023-09-05,186,Home Decor,337,1,449.1782041442039,25,Direct,26-35,London,317
70,1249,2023-09-06,111,Electronics,199,3,302.4184265798489,23,Facebook,36-45,Midlands,1099
86,1250,2023-09-07,123,Clothing,44,4,455.6775126644988,11,Email,56+,Midlands,1476
11,1251,2023-09-08,101,Home Decor,156,3,611.5749175248844,8,Instagram,56+,South West,997
16,1252,2023-09-09,146,Sports,39,3,520.6981813900842,10,Direct,26-35,North West,979
97,1253,2023-09-10,121,Home Decor,343,1,510.9290167677024,4,Facebook,18-25,South East,1215
73,1254,2023-09-11,190,Books,93,4,374.08065344120826,27,Google,26-35,North West,1002
59,1255,2023-09-12,136,Clothing,378,3,91.60557050858614,46,Email,46-55,,1044
70,1256,2023-09-13,154,Books,290,4,658.4612260888024,0,Direct,26-35,South East,1403
80,1257,2023-09-14,187,Electronics,433,1,599.08626907315,9,Facebook,36-45,North West,1458
93,1258,2023-09-15,157,Home Decor,353,3,163.93217560430185,45,Email,,London,1054
3,1259,2023-09-16,101,Books,279,1,280.5637277355317,41,Instagram,46-55,South West,907
20,1260,2023-09-17,163,Home Decor,163,4,660.3781961932408,0,Instagram,36-45,North West,1303
59,1261,2023-09-18,154,Electronics,111,4,180.52821903026157,44,Instagram,18-25,North West,221
36,1262,2023-09-19,155,Electronics,224,1,428.5122022227104,12,Facebook,36-45,London,1042
19,1263,2023-09-20,140,Books,159,2,192.839858803902,42,Facebook,18-25,Midlands,1316
90,1264,2023-09-21,115,Home Decor,441,3,413.97993367796994,21,Direct,56+,South West,391
67,1265,2023-09-22,121,Sports,92,4,706.5190073242851,5,Direct,18-25,,1218
19,1266,2023-09-23,147,Clothing,119,4,546.938945300577,12,Direct,46-55,South East,1326
20,1267,2023-09-24,173,Books,444,3,390.3995263215141,23,Email,36-45,North West,595
96,1268,2023-09-25,153,Home Decor,396,1,189.19288111920676,40,Email,36-45,South West,1230
71,1269,2023-09-26,109,Electronics,435,1,320.42370631301554,26,Email,36-45,North West,839
52,1270,2023-09-27,174,Books,284,1,387.9376957973734,24,Direct,46-55,London,1218
33,1271,2023-09-28,152,Electronics,210,2,447.529003190452,13,Google,56+,North West,766
40,1272,2023-09-29,157,Home Decor,293,2,442.9948322966244,26,Direct,36-45,North West,430
39,1273,2023-09-30,126,Books,477,4,384.5867926020554,29,Google,18-25,South East,1073
82,1274,2023-10-01,141,Electronics,182,1,606.1703409275118,9,Email,26-35,London,773
1,1275,2023-10-02,135,Electronics,336,3,602.5117653975067,0,Instagram,26-35,London,439
11,1276,2023-10-03,163,Sports,215,4,346.7667155152281,23,Instagram,,,289
92,1277,2023-10-04,125,Clothing,72,3,479.0311480870385,16,Facebook,26-35,,431
57,1278,2023-10-05,190,Home Decor,82,4,491.819083667197,12,Email,26-35,North West,656
89,1279,2023-10-06,175,Home Decor,260,2,204.97849682017832,40,Email,18-25,North West,432
50,1280,2023-10-07,138,Clothing,133,4,208.13143921950768,44,Instagram,18-25,South West,553
23,1281,2023-10-08,102,Clothing,384,2,211.59339800981653,40,Email,,South West,1204
31,1282,2023-10-09,107,Electronics,130,4,527.3916837942837,6,Direct,36-45,South East,638
94,1283,2023-10-10,182,Home Decor,284,1,555.4078330520005,13,Direct,18-25,Midlands,544
42,1284,2023-10-11,191,Electronics,440,3,412.8818776292479,25,Facebook,46-55,South West,863
99,1285,2023-10-12,134,Sports,407,1,450.4551567836676,18,Email,46-55,Midlands,856
7,1286,2023-10-13,191,Clothing,129,4,430.3180763091081,20,Email,36-45,London,329
16,1287,2023-10-14,117,Sports,431,4,657.28824273577,0,Instagram,26-35,South West,340
90,1288,2023-10-15,143,Books,446,4,214.55006969889084,39,Instagram,56+,South West,614
60,1289,2023-10-16,159,Sports,326,2,255.24054582490345,39,Instagram,18-25,South East,1316
2,1290,2023-10-17,151,Clothing,173,3,536.8072901174969,9,Direct,,Midlands,825
1,1291,2023-10-18,154,Electronics,433,3,626.8102732865991,1,Email,56+,South West,483
48,1292,2023-10-19,124,Sports,474,4,537.144960185543,7,Email,46-55,South West,422
12,1293,2023-10-20,125,Books,295,4,239.79349792232543,43,Direct,,South East,943
69,1294,2023-10-21,171,Clothing,274,2,427.1835698285308,26,Instagram,18-25,,662
37,1295,2023-10-22,152,Books,329,1,289.8747014537511,34,Facebook,36-45,Midlands,1499
32,1296,2023-10-23,170,Sports,170,1,451.0513043943852,12,Instagram,56+,London,1363
9,1297,2023-10-24,188,Sports,385,3,220.75677993595843,46,Instagram,26-35,London,556
99,1298,2023-10-25,133,Home Decor,317,2,596.5181496211742,1,Direct,56+,North West,1246
19,1299,2023-10-26,149,Clothing,98,4,370.55755245390736,28,Email,56+,South West,1493
48,1300,2023-10-27,129,Books,151,3,572.8400768512756,10,Instagram,,,1058
80,1301,2023-10-28,163,Electronics,212,2,444.35104373541736,20,Email,36-45,South West,864
3,1302,2023-10-29,122,Home Decor,318,1,592.8093725618953,7,Direct,56+,Midlands,1214
20,1303,2023-10-30,126,Sports,236,2,494.56571267998606,6,Email,26-35,,284
24,1304,2023-10-31,128,Books,498,1,187.77184325119796,45,Email,46-55,Midlands,820
54,1305,2023-11-01,185,Home Decor,452,2,224.90075048248625,36,Facebook,18-25,South West,1254
33,1306,2023-11-02,149,Books,343,3,343.7719782893797,30,Instagram,46-55,South East,439
24,1307,2023-11-03,171,Clothing,231,1,575.6465321509357,12,Email,26-35,South West,562
75,1308,2023-11-04,181,Electronics,50,3,314.78960473995795,26,Instagram,,Midlands,1021
72,1309,2023-11-05,184,Home Decor,205,3,273.1793135792979,49,Direct,,North West,867
36,1310,2023-11-06,149,Home Decor,77,1,275.0732912264016,39,Facebook,18-25,London,298
38,1311,2023-11-07,120,Home Decor,485,1,410.9873625440274,14,Instagram,36-45,Midlands,246
84,1312,2023-11-08,186,Sports,273,4,572.4609392498728,0,Direct,56+,North West,1038
99,1313,2023-11-09,192,Books,11,4,492.3669225309342,15,Instagram,,South East,621
89,1314,2023-11-10,163,Books,370,4,242.34331544498357,48,Direct,26-35,Midlands,261
99,1315,2023-11-11,161,Home Decor,134,3,500.276429502411,14,Instagram,46-55,,1332
25,1316,2023-11-12,149,Clothing,119,3,380.8755421694321,23,Email,18-25,Midlands,1342
93,1317,2023-11-13,171,Sports,95,4,411.64694966062257,25,Email,46-55,South West,1209
18,1318,2023-11-14,101,Sports,434,3,259.2213287210513,43,Instagram,36-45,North West,797
82,1319,2023-11-15,196,Books,129,3,353.05987305466283,30,Direct,,South West,591
66,1320,2023-11-16,113,Sports,136,1,652.7707842767369,0,Facebook,,South West,1176
54,1321,2023-11-17,194,Home Decor,264,1,395.2905201027109,18,Email,18-25,North West,1275
35,1322,2023-11-18,187,Sports,192,3,629.7623398283736,3,Google,56+,London,802
80,1323,2023-11-19,151,Sports,25,4,527.7483136849522,9,Email,18-25,North West,536
61,1324,2023-11-20,156,Home Decor,486,2,257.00675031592937,43,Google,56+,London,1009
41,1325,2023-11-21,183,Clothing,71,4,578.9682642893393,0,Email,56+,Midlands,1427
100,1326,2023-11-22,162,Sports,378,2,534.5117018925756,14,Facebook,18-25,Midlands,1461
33,1327,2023-11-23,132,Sports,441,4,310.7701720476666,25,Facebook,56+,North West,951
68,1328,2023-11-24,130,Clothing,167,1,266.90145836520816,44,Email,,Midlands,1359
33,1329,2023-11-25,129,Electronics,277,3,331.7019111131904,26,Email,,South East,1080
14,1330,2023-11-26,149,Books,44,3,325.22843418449725,29,Direct,26-35,South West,834
21,1331,2023-11-27,145,Sports,276,1,401.004489280723,29,Instagram,36-45,South West,453
48,1332,2023-11-28,193,Home Decor,73,2,202.04118117838607,43,Facebook,36-45,London,1337
20,1333,2023-11-29,130,Electronics,59,2,612.9643538854001,5,Email,56+,Midlands,219
8,1334,2023-11-30,116,Home Decor,478,2,191.634731199211,49,Instagram,18-25,London,727
7,1335,2023-12-01,140,Sports,264,1,581.8386867735344,12,Google,26-35,South West,1368
67,1336,2023-12-02,119,Home Decor,158,2,392.7995871121134,24,Facebook,56+,South West,1431
17,1337,2023-12-03,118,Books,334,1,276.6114175811503,26,Instagram,46-55,Midlands,575
33,1338,2023-12-04,101,Electronics,313,4,302.487688543891,36,Facebook,36-45,South East,365
48,1339,2023-12-05,178,Clothing,285,4,622.0993721097714,16,Google,26-35,South East,1404
76,1340,2023-12-06,147,Home Decor,366,1,222.5101064234348,50,Facebook,18-25,Midlands,1060
59,1341,2023-12-07,166,Clothing,460,3,458.935268799482,25,Email,46-55,Midlands,816
86,1342,2023-12-08,192,Sports,181,4,370.52940049954657,38,Direct,36-45,London,811
22,1343,2023-12-09,194,Sports,426,2,557.611903240255,5,Facebook,36-45,,702
30,1344,2023-12-10,138,Sports,210,1,558.1850609037169,6,Direct,18-25,South East,1112
38,1345,2023-12-11,151,Home Decor,454,2,262.2085613238398,31,Instagram,56+,,278
51,1346,2023-12-12,163,Sports,402,2,143.04292892724214,49,Direct,18-25,London,784
54,1347,2023-12-13,104,Books,333,3,229.8821850437208,41,Instagram,,London,887
8,1348,2023-12-14,101,Clothing,44,2,282.543705104142,39,Email,,London,595
27,1349,2023-12-15,108,Home Decor,474,3,375.5676145805546,27,Instagram,18-25,London,1326
27,1350,2023-12-16,129,Books,491,4,547.6202394469796,12,Facebook,56+,North West,601
98,1351,2023-12-17,155,Books,225,1,368.4043728642764,35,Direct,26-35,Midlands,1174
21,1352,2023-12-18,103,Sports,489,2,313.38637017622045,36,Facebook,26-35,,423
30,1353,2023-12-19,132,Electronics,74,1,399.02839192150657,15,Facebook,36-45,Midlands,717
97,1354,2023-12-20,110,Clothing,17,2,216.2253623108735,46,Facebook,56+,North West,833
28,1355,2023-12-21,174,Electronics,310,1,418.2653390909981,32,Facebook,26-35,London,435
64,1356,2023-12-22,183,Clothing,352,2,516.4526740875554,6,Email,18-25,North West,315
97,1357,2023-12-23,134,Clothing,440,2,399.4093000152659,31,Google,18-25,South East,1386
69,1358,2023-12-24,197,Electronics,433,2,526.0910177265285,12,Instagram,36-45,South East,425
61,1359,2023-12-25,187,Books,341,2,315.4148331816163,27,Instagram,,Midlands,429
48,1360,2023-12-26,155,Clothing,447,2,595.1073926946962,0,Direct,26-35,Midlands,381
19,1361,2023-12-27,192,Electronics,85,2,388.4918773401392,26,Direct,26-35,South West,1472
4,1362,2023-12-28,132,Clothing,183,2,436.4507025101242,20,Direct,36-45,,409
35,1363,2023-12-29,150,Home Decor,56,2,542.5100113894459,15,Email,18-25,South East,295
64,1364,2023-12-30,107,Books,24,2,390.44397291545073,22,Facebook,18-25,London,1093
49,1365,2023-12-31,193,Sports,370,1,305.8540346415076,29,Direct,46-55,North West,955
17,1366,2024-01-01,108,Clothing,156,3,544.5373720249042,0,Email,46-55,South West,1309
44,1367,2024-01-02,165,Home Decor,35,2,456.9404247174739,22,Google,26-35,South West,614
92,1368,2024-01-03,157,Sports,317,3,392.0193784539077,24,Google,26-35,London,593
30,1369,2024-01-04,167,Sports,102,2,349.4779833304684,34,Direct,26-35,London,895
93,1370,2024-01-05,188,Clothing,415,2,251.3100983737249,42,Email,46-55,,1043
46,1371,2024-01-06,187,Electronics,241,1,337.4576347969777,34,Email,,North West,803
6,1372,2024-01-07,159,Clothing,30,4,390.4662125166528,21,Email,,London,781
99,1373,2024-01-08,172,Home Decor,316,4,237.92840547668996,39,Instagram,18-25,South West,332
37,1374,2024-01-09,154,Sports,47,1,479.8786783469146,8,Facebook,18-25,South West,990
24,1375,2024-01-10,167,Electronics,285,3,254.1989554553344,42,Google,26-35,South East,848
93,1376,2024-01-11,151,Electronics,166,4,445.9322855180874,14,Facebook,36-45,London,420
46,1377,2024-01-12,197,Clothing,188,1,462.8196359351167,8,Email,26-35,Midlands,1175
53,1378,2024-01-13,192,Books,141,1,428.3521443241449,11,Email,36-45,North West,1269
95,1379,2024-01-14,108,Electronics,320,4,550.7511885141018,11,Direct,46-55,Midlands,1415
99,1380,2024-01-15,134,Home Decor,464,3,199.7826364216964,36,Facebook,18-25,South West,987
60,1381,2024-01-16,135,Sports,357,1,216.06140466161924,34,Direct,36-45,Midlands,890
97,1382,2024-01-17,196,Clothing,37,2,205.69829924041807,46,Facebook,46-55,South West,238
63,1383,2024-01-18,188,Electronics,269,3,632.7725741622036,0,Direct,,South West,889
85,1384,2024-01-19,178,Books,415,3,359.1501869098888,33,Direct,36-45,South West,361
32,1385,2024-01-20,132,Electronics,85,4,373.3299408664938,30,Instagram,26-35,South West,1327
87,1386,2024-01-21,146,Books,438,4,508.2504042513327,15,Direct,26-35,South West,360
33,1387,2024-01-22,116,Clothing,76,2,572.9444735806677,8,Email,26-35,South East,1277
67,1388,2024-01-23,168,Sports,351,1,308.089512165986,47,Google,46-55,Midlands,1257
18,1389,2024-01-24,137,Home Decor,203,4,522.9302748476533,9,Instagram,26-35,South East,441
25,1390,2024-01-25,154,Clothing,481,4,438.2500075925463,15,Direct,56+,,1166
95,1391,2024-01-26,185,Electronics,171,3,488.1537832825879,18,Google,18-25,London,1089
54,1392,2024-01-27,114,Books,356,4,418.1303157654661,15,Facebook,18-25,London,312
58,1393,2024-01-28,195,Books,448,4,428.96580750796585,20,Google,26-35,London,1213
67,1394,2024-01-29,155,Electronics,370,4,627.7252248490303,5,Facebook,18-25,,517
46,1395,2024-01-30,148,Books,266,4,169.73179106511498,50,Email,36-45,London,222
24,1396,2024-01-31,182,Clothing,81,3,461.8986123500796,6,Email,26-35,Midlands,1023
32,1397,2024-02-01,107,Home Decor,96,2,444.8630018291112,21,Email,18-25,South East,1341
47,1398,2024-02-02,174,Books,431,2,504.05070746494704,22,Google,56+,,900
86,1399,2024-02-03,107,Electronics,271,1,479.705857401806,20,Instagram,36-45,London,1218
23,1400,2024-02-04,133,Home Decor,223,4,328.2817100820894,33,Facebook,56+,,1435
66,1401,2024-02-05,123,Clothing,162,3,198.681431582012,47,Facebook,18-25,North West,1336
27,1402,2024-02-06,185,Books,219,1,286.30116493717264,32,Facebook,56+,South East,1267
2,1403,2024-02-07,119,Electronics,410,1,156.12697797132762,47,Facebook,18-25,Midlands,327
90,1404,2024-02-08,119,Electronics,70,2,590.3212867820574,1,Direct,18-25,South West,1075
17,1405,2024-02-09,136,Home Decor,277,3,273.4413001504921,37,Google,56+,Midlands,357
33,1406,2024-02-10,129,Sports,271,3,620.8100944280418,3,Email,18-25,London,1026
9,1407,2024-02-11,160,Home Decor,227,3,308.26321277313485,26,Instagram,26-35,South West,1051
43,1408,2024-02-12,182,Sports,292,2,552.894559118437,4,Instagram,18-25,North West,711
48,1409,2024-02-13,102,Clothing,145,2,330.50499020657,26,Google,46-55,South East,244
39,1410,2024-02-14,101,Clothing,476,2,233.5269121013288,43,Email,18-25,South East,1331
93,1411,2024-02-15,147,Books,389,2,366.2343535697998,31,Facebook,46-55,North West,418
42,1412,2024-02-16,169,Sports,371,2,475.621530527247,30,Direct,,,642
26,1413,2024-02-17,120,Books,458,4,520.6331884120922,19,Google,18-25,North West,514
99,1414,2024-02-18,111,Electronics,450,4,127.26444487854263,40,Google,56+,London,376
50,1415,2024-02-19,102,Sports,102,3,555.631880321261,10,Facebook,26-35,South West,427
25,1416,2024-02-20,167,Home Decor,118,1,413.9730624350259,25,Facebook,26-35,North West,466
24,1417,2024-02-21,187,Electronics,250,3,345.3524454242709,39,Google,36-45,London,1069
13,1418,2024-02-22,112,Electronics,364,1,603.5472381317854,10,Facebook,56+,South West,1037
60,1419,2024-02-23,120,Home Decor,433,2,478.4106352798662,20,Email,56+,North West,688
7,1420,2024-02-24,105,Electronics,151,1,572.7713112575757,10,Google,26-35,South East,901
57,1421,2024-02-25,137,Sports,300,3,312.839331696242,36,Email,56+,,886
36,1422,2024-02-26,138,Books,441,3,531.8063897469917,9,Google,26-35,Midlands,1195
45,1423,2024-02-27,194,Electronics,246,1,474.4913272358733,13,Email,56+,North West,556
20,1424,2024-02-28,109,Clothing,349,4,602.1504033206468,4,Google,18-25,Midlands,1071
65,1425,2024-02-29,198,Clothing,321,2,337.179951292266,35,Facebook,26-35,South West,403
8,1426,2024-03-01,153,Sports,186,2,510.9623436509946,26,Facebook,26-35,North West,1436
16,1427,2024-03-02,144,Books,150,3,548.98664604118,5,Email,46-55,South West,751
14,1428,2024-03-03,199,Sports,198,4,408.180677361931,22,Email,36-45,South West,522
76,1429,2024-03-04,186,Clothing,495,1,414.2123957758004,17,Facebook,46-55,London,793
87,1430,2024-03-05,124,Books,58,2,242.5697429567586,32,Google,26-35,,380
15,1431,2024-03-06,181,Clothing,311,4,440.7130323261846,17,Google,18-25,South West,698
92,1432,2024-03-07,174,Home Decor,378,2,481.7604243758105,15,Facebook,18-25,North West,282
98,1433,2024-03-08,130,Sports,199,4,281.69675791569824,36,Email,36-45,,502
66,1434,2024-03-09,159,Books,145,4,396.9465502305474,24,Direct,56+,,461
32,1435,2024-03-10,187,Home Decor,52,3,608.1713287363158,11,Facebook,46-55,London,983
87,1436,2024-03-11,196,Home Decor,413,2,663.8046683450551,0,Google,26-35,South West,1423
63,1437,2024-03-12,181,Clothing,389,1,296.1815325741065,38,Email,,London,1463
86,1438,2024-03-13,181,Sports,362,3,420.7220475901455,20,Email,46-55,Midlands,1113
51,1439,2024-03-14,114,Clothing,99,3,567.7982820124129,3,Email,36-45,South West,891
25,1440,2024-03-15,109,Sports,304,1,480.77505400577513,22,Instagram,,London,1143
58,1441,2024-03-16,140,Home Decor,350,3,330.05265894381097,32,Email,18-25,South East,882
63,1442,2024-03-17,166,Clothing,254,4,366.525475491256,30,Instagram,56+,South East,888
62,1443,2024-03-18,125,Sports,442,4,564.9440073334729,9,Google,36-45,South West,595
22,1444,2024-03-19,173,Sports,201,2,597.9008469709061,2,Instagram,46-55,,1361
58,1445,2024-03-20,122,Books,327,2,238.05613377603905,47,Facebook,56+,,1038
58,1446,2024-03-21,104,Sports,115,1,195.96190309018723,45,Instagram,36-45,South East,1077
86,1447,2024-03-22,126,Books,372,2,171.43055143776004,44,Email,26-35,Midlands,1022
49,1448,2024-03-23,158,Books,319,4,588.7970248575053,0,Facebook,56+,London,1352
52,1449,2024-03-24,129,Books,391,1,401.7821172145335,19,Facebook,26-35,South East,248
42,1450,2024-03-25,198,Clothing,242,1,228.9340339288573,42,Email,18-25,North West,988
70,1451,2024-03-26,187,Clothing,274,2,261.8195037426619,38,Email,,South East,492
15,1452,2024-03-27,137,Home Decor,353,4,385.4277024866815,25,Instagram,,London,735
54,1453,2024-03-28,175,Sports,46,1,625.942010275484,1,Email,46-55,London,510
60,1454,2024-03-29,170,Electronics,314,4,190.44325487811497,34,Instagram,26-35,South West,736
97,1455,2024-03-30,118,Sports,50,4,536.532721451037,14,Email,26-35,North West,838
8,1456,2024-03-31,185,Sports,26,4,294.54880733578966,41,Google,56+,London,433
53,1457,2024-04-01,142,Books,353,2,493.4088790769731,13,Direct,36-45,,1432
60,1458,2024-04-02,200,Books,286,3,662.7247010666513,0,Instagram,26-35,North West,804
5,1459,2024-04-03,141,Sports,316,3,559.099334369403,3,Email,18-25,North West,293
68,1460,2024-04-04,138,Home Decor,68,1,510.1237171954365,7,Email,26-35,Midlands,526
6,1461,2024-04-05,134,Books,432,4,298.9084119414239,33,Facebook,36-45,,424
96,1462,2024-04-06,117,Sports,192,2,334.3983013046831,32,Google,18-25,Midlands,1166
94,1463,2024-04-07,137,Sports,50,4,168.8852428199224,50,Instagram,46-55,Midlands,1089
47,1464,2024-04-08,125,Electronics,48,4,325.33906837405635,28,Direct,18-25,South East,210
99,1465,2024-04-09,176,Books,406,2,412.39260555614266,23,Direct,46-55,South East,1235
55,1466,2024-04-10,187,Books,201,3,473.863951376682,15,Instagram,18-25,South East,234
40,1467,2024-04-11,186,Sports,276,4,211.22319789544392,46,Email,36-45,South East,646
52,1468,2024-04-12,185,Clothing,156,4,331.27901546419685,26,Instagram,36-45,,1443
16,1469,2024-04-13,127,Electronics,404,3,376.173425486235,23,Direct,18-25,Midlands,640
13,1470,2024-04-14,157,Books,342,2,297.6290264639396,34,Email,26-35,,852
30,1471,2024-04-15,131,Sports,136,1,462.58246438292986,10,Google,36-45,South West,794
19,1472,2024-04-16,106,Home Decor,55,3,618.9650189869117,0,Instagram,46-55,London,428
17,1473,2024-04-17,191,Clothing,54,1,258.6702337176855,48,Instagram,46-55,South West,543
63,1474,2024-04-18,140,Books,10,1,416.3833622303682,25,Email,56+,South West,1303
19,1475,2024-04-19,198,Home Decor,177,3,355.20181896087377,30,Google,46-55,Midlands,1188
92,1476,2024-04-20,112,Electronics,117,4,357.0919186091095,32,Google,56+,South East,1351
58,1477,2024-04-21,153,Clothing,28,1,483.4635295091502,12,Email,,South East,1108
55,1478,2024-04-22,171,Books,341,1,497.5814215958506,18,Direct,18-25,Midlands,726
90,1479,2024-04-23,110,Clothing,81,2,536.2168274081259,11,Instagram,18-25,South West,274
90,1480,2024-04-24,145,Electronics,465,4,191.0394492715725,50,Email,26-35,Midlands,395
62,1481,2024-04-25,117,Books,454,1,301.53781375521544,32,Direct,26-35,London,228
23,1482,2024-04-26,126,Clothing,118,2,556.2980059806572,14,Email,56+,South East,905
9,1483,2024-04-27,185,Home Decor,277,4,413.2124998026273,19,Direct,26-35,North West,1220
12,1484,2024-04-28,192,Electronics,454,3,491.9171799718396,13,Direct,46-55,London,215
1,1485,2024-04-29,162,Electronics,249,3,325.9508257987002,31,Google,18-25,London,1004
58,1486,2024-04-30,146,Clothing,426,2,238.0234758054649,44,Instagram,36-45,,1139
1,1487,2024-05-01,164,Home Decor,310,3,308.6316094173001,29,Facebook,26-35,South West,1166
34,1488,2024-05-02,102,Books,99,1,476.8328328068079,18,Google,26-35,South East,1300
96,1489,2024-05-03,154,Sports,112,4,294.7680156589789,35,Email,18-25,North West,428
48,1490,2024-05-04,165,Clothing,485,1,322.7743656504981,26,Direct,26-35,London,1161
89,1491,2024-05-05,151,Sports,259,1,521.7904556919432,8,Instagram,56+,North West,914
1,1492,2024-05-06,153,Clothing,462,3,381.81349964798846,24,Direct,56+,South West,1183
16,1493,2024-05-07,136,Home Decor,17,1,173.59619277192843,50,Email,46-55,South West,772
61,1494,2024-05-08,126,Home Decor,162,3,154.90940980613323,49,Direct,,North West,814
64,1495,2024-05-09,129,Sports,356,4,366.22366312790814,30,Instagram,46-55,South East,525
63,1496,2024-05-10,121,Books,183,4,273.6259418825028,30,Google,56+,South West,1074
69,1497,2024-05-11,111,Clothing,352,1,423.1241062670136,32,Instagram,26-35,North West,558
22,1498,2024-05-12,140,Clothing,167,2,550.0516769371958,15,Google,26-35,London,523
93,1499,2024-05-13,111,Clothing,440,3,268.5243307252546,45,Facebook,36-45,North West,364
67,1500,2024-05-14,136,Electronics,224,3,327.110914577063,31,Instagram,,North West,997
76,1501,2024-05-15,159,Books,186,1,621.6582827026177,5,Google,56+,Midlands,654
26,1502,2024-05-16,139,Clothing,184,3,443.8719745745337,10,Google,18-25,South West,1376
16,1503,2024-05-17,199,Books,349,3,613.1067009171693,0,Direct,46-55,South East,1350
51,1504,2024-05-18,154,Home Decor,347,2,473.3690623819925,18,Google,56+,South East,392
86,1505,2024-05-19,198,Sports,155,2,474.3070753830277,12,Google,18-25,Midlands,826
57,1506,2024-05-20,155,Home Decor,459,1,500.4590332601199,18,Email,18-25,South East,729
29,1507,2024-05-21,124,Sports,333,2,362.6304435903096,21,Email,56+,North West,1233
78,1508,2024-05-22,122,Electronics,487,1,622.3642501539566,0,Direct,26-35,Midlands,291
92,1509,2024-05-23,169,Books,170,4,450.243990737911,26,Direct,46-55,London,338
69,1510,2024-05-24,156,Home Decor,136,1,429.1518475150354,21,Instagram,26-35,South West,680
47,1511,2024-05-25,133,Clothing,429,4,251.82619251509743,39,Facebook,56+,,648
94,1512,2024-05-26,136,Home Decor,91,1,626.338223878611,4,Direct,46-55,South West,1068
62,1513,2024-05-27,120,Electronics,494,3,623.0273427493678,10,Email,,North West,539
69,1514,2024-05-28,183,Home Decor,156,2,207.48952969426884,40,Direct,,London,1275
76,1515,2024-05-29,199,Clothing,248,4,421.4418308224615,21,Google,26-35,Midlands,665
16,1516,2024-05-30,181,Sports,421,1,454.6427684286853,23,Facebook,18-25,Midlands,917
90,1517,2024-05-31,162,Clothing,433,2,195.3781810221616,46,Instagram,56+,South West,998
90,1518,2024-06-01,198,Clothing,93,1,526.7184318283543,17,Google,18-25,London,674
48,1519,2024-06-02,173,Electronics,122,2,387.77559746836965,19,Facebook,46-55,London,600
85,1520,2024-06-03,126,Clothing,234,2,387.4295891946542,26,Facebook,26-35,,804
39,1521,2024-06-04,166,Clothing,341,1,605.4304910622235,8,Instagram,46-55,South East,1131
100,1522,2024-06-05,173,Books,387,4,184.22764555054889,44,Email,,South East,1196
33,1523,2024-06-06,173,Clothing,252,4,396.3567355804241,31,Instagram,,South West,1121
94,1524,2024-06-07,140,Electronics,152,3,386.1915619732035,26,Direct,36-45,London,1020
23,1525,2024-06-08,117,Clothing,50,2,651.6630652610465,5,Google,,,856
10,1526,2024-06-09,101,Books,432,3,587.282222845323,7,Direct,26-35,Midlands,797
69,1527,2024-06-10,189,Sports,267,3,500.6951369960551,21,Email,46-55,Midlands,1376
100,1528,2024-06-11,161,Home Decor,456,1,568.5573507162939,10,Direct,,South West,713
34,1529,2024-06-12,143,Home Decor,294,1,178.95241522643266,50,Instagram,46-55,London,1229
52,1530,2024-06-13,142,Books,114,1,559.167421619231,7,Direct,36-45,South West,699
95,1531,2024-06-14,125,Electronics,211,2,180.93988660642864,49,Email,56+,Midlands,916
10,1532,2024-06-15,139,Books,459,1,206.31283478548715,45,Email,56+,Midlands,1341
19,1533,2024-06-16,135,Electronics,316,1,469.9103178503925,18,Email,46-55,,800
58,1534,2024-06-17,103,Clothing,340,2,296.2757991649152,34,Instagram,26-35,South West,865
96,1535,2024-06-18,144,Books,470,2,413.12877090132565,25,Email,46-55,South West,667
1,1536,2024-06-19,151,Clothing,275,4,465.5585675915182,9,Google,46-55,London,360
69,1537,2024-06-20,194,Sports,407,1,521.2244114853949,13,Email,26-35,London,469
4,1538,2024-06-21,198,Electronics,219,1,300.9705045277564,35,Direct,56+,South East,1279
16,1539,2024-06-22,112,Sports,60,1,514.9540093476287,14,Instagram,36-45,North West,427
24,1540,2024-06-23,119,Books,127,4,526.4062895713778,12,Instagram,36-45,North West,1048
80,1541,2024-06-24,144,Sports,210,1,385.2247464347237,26,Instagram,46-55,North West,348
2,1542,2024-06-25,159,Sports,386,4,475.78005060483366,18,Direct,36-45,South West,1269
92,1543,2024-06-26,149,Sports,48,3,429.9393110637084,24,Instagram,,South West,1367
32,1544,2024-06-27,161,Books,37,4,521.2651749847154,14,Instagram,18-25,Midlands,831
91,1545,2024-06-28,117,Sports,268,3,471.4290811567775,23,Email,56+,South West,612
84,1546,2024-06-29,174,Clothing,93,1,265.6861079511653,39,Google,36-45,South West,719
24,1547,2024-06-30,157,Electronics,463,3,642.0571632373735,8,Email,56+,South West,586
12,1548,2024-07-01,155,Sports,164,4,461.282758750786,18,Email,36-45,South East,474
50,1549,2024-07-02,147,Books,126,2,236.62743361575576,39,Facebook,,South West,552
35,1550,2024-07-03,112,Home Decor,11,3,382.8560687645716,23,Instagram,,London,1289
33,1551,2024-07-04,162,Clothing,102,3,228.85642249425945,40,Instagram,56+,London,1302
33,1552,2024-07-05,180,Sports,175,1,559.4070864582014,6,Direct,,Midlands,797
61,1553,2024-07-06,188,Home Decor,396,4,389.3585748180261,23,Email,56+,South East,1425
51,1554,2024-07-07,183,Home Decor,409,3,427.3043498954841,13,Instagram,18-25,London,757
43,1555,2024-07-08,108,Books,359,3,551.5570672256348,0,Facebook,36-45,South East,312
12,1556,2024-07-09,195,Home Decor,305,3,516.2712037973645,4,Direct,56+,South East,1314
67,1557,2024-07-10,121,Clothing,267,3,549.2086825896323,0,Facebook,18-25,Midlands,340
65,1558,2024-07-11,181,Clothing,90,2,665.1615134442529,1,Direct,26-35,South East,929
33,1559,2024-07-12,187,Electronics,434,4,513.5548206060759,17,Instagram,56+,South West,788
40,1560,2024-07-13,180,Clothing,277,1,260.9361388618674,37,Email,56+,South East,610
74,1561,2024-07-14,170,Sports,428,1,534.7075646109423,9,Direct,18-25,Midlands,576
43,1562,2024-07-15,172,Clothing,244,2,358.951272936297,21,Email,36-45,Midlands,1375
44,1563,2024-07-16,125,Home Decor,330,4,402.9512618405345,18,Direct,26-35,,950
29,1564,2024-07-17,182,Electronics,320,3,270.8351995715182,49,Direct,56+,,826
13,1565,2024-07-18,189,Home Decor,310,2,156.1592488942691,47,Email,46-55,South West,1194
12,1566,2024-07-19,112,Electronics,472,4,434.280766802372,20,Direct,26-35,London,902
95,1567,2024-07-20,115,Home Decor,483,3,382.9206576296706,32,Facebook,46-55,North West,661
46,1568,2024-07-21,159,Books,366,2,211.04652464290015,42,Email,46-55,South West,211
2,1569,2024-07-22,126,Electronics,222,4,419.9819315874278,14,Direct,26-35,South East,1379
35,1570,2024-07-23,126,Sports,71,1,120.50840799998528,46,Google,18-25,Midlands,676
87,1571,2024-07-24,147,Home Decor,58,1,457.50985925270174,15,Facebook,,North West,1138
81,1572,2024-07-25,132,Sports,136,4,224.43988139013524,50,Direct,26-35,South West,600
90,1573,2024-07-26,110,Electronics,232,1,111.23477958666118,45,Direct,18-25,London,1007
8,1574,2024-07-27,116,Sports,418,4,320.3168679889035,34,Email,26-35,Midlands,376
93,1575,2024-07-28,171,Sports,288,3,281.8409021016408,45,Google,36-45,London,256
26,1576,2024-07-29,117,Books,417,4,495.2760155715903,15,Instagram,36-45,South West,647
74,1577,2024-07-30,123,Books,303,3,564.6028456581232,6,Email,18-25,,402
90,1578,2024-07-31,126,Sports,293,2,251.83424382150488,36,Google,56+,North West,937
34,1579,2024-08-01,185,Sports,286,4,426.88033899188304,22,Direct,,South East,401
7,1580,2024-08-02,186,Books,447,2,405.9556290730709,24,Direct,46-55,London,562
68,1581,2024-08-03,107,Sports,116,1,263.9690320487884,40,Email,56+,North West,1091
58,1582,2024-08-04,114,Sports,155,3,613.215965052101,4,Direct,26-35,Midlands,653
75,1583,2024-08-05,179,Sports,429,4,338.83439616078795,22,Email,26-35,South East,555
29,1584,2024-08-06,107,Clothing,108,2,444.12326402979664,25,Email,26-35,North West,415
36,1585,2024-08-07,109,Books,438,3,418.2923203053645,28,Email,,London,1171
89,1586,2024-08-08,148,Sports,384,3,574.1999655522022,12,Email,36-45,South West,754
21,1587,2024-08-09,172,Books,82,1,566.3589239272495,16,Facebook,26-35,Midlands,1086
36,1588,2024-08-10,159,Home Decor,446,1,596.8065874936048,0,Email,56+,London,222
10,1589,2024-08-11,187,Home Decor,495,3,309.19795680021826,36,Direct,36-45,,354
73,1590,2024-08-12,193,Sports,131,3,221.681124423707,47,Direct,,South East,1409
24,1591,2024-08-13,182,Books,39,4,308.6484575426728,36,Instagram,,South West,448
64,1592,2024-08-14,195,Books,197,3,699.2443243624198,0,Instagram,18-25,South West,948
99,1593,2024-08-15,194,Sports,373,4,287.8721303076176,32,Instagram,26-35,Midlands,1004
49,1594,2024-08-16,139,Clothing,363,3,414.1034086282437,22,Google,36-45,Midlands,333
99,1595,2024-08-17,199,Home Decor,297,1,459.25626827685824,8,Instagram,56+,South West,520
36,1596,2024-08-18,118,Sports,460,4,562.4449944253674,10,Instagram,26-35,South West,589
82,1597,2024-08-19,159,Books,204,2,225.51665966037032,39,Instagram,26-35,South East,633
96,1598,2024-08-20,117,Clothing,165,1,260.2478755539267,42,Google,18-25,South West,1245
24,1599,2024-08-21,114,Books,181,4,208.54014011087295,37,Instagram,46-55,North West,1072
23,1600,2024-08-22,131,Books,344,4,475.3886118762722,16,Direct,18-25,London,1348
62,1601,2024-08-23,124,Clothing,50,2,524.0591271203615,18,Direct,26-35,South West,1302
96,1602,2024-08-24,199,Books,72,4,502.9036073721035,7,Google,,Midlands,1057
37,1603,2024-08-25,160,Books,32,3,292.74921240399146,28,Direct,46-55,North West,250
12,1604,2024-08-26,145,Clothing,369,2,255.89948727719556,36,Email,56+,Midlands,375
55,1605,2024-08-27,198,Clothing,84,1,493.6416495181672,26,Email,46-55,North West,1069
13,1606,2024-08-28,103,Books,57,1,348.1973560846597,32,Google,26-35,South West,452
23,1607,2024-08-29,137,Books,169,3,553.29512983459,20,Instagram,26-35,London,1165
89,1608,2024-08-30,143,Sports,322,1,478.5270733012647,21,Facebook,56+,Midlands,1469
99,1609,2024-08-31,140,Clothing,127,4,450.9980171322911,15,Email,46-55,North West,938
30,1610,2024-09-01,190,Books,109,4,271.32869727329864,47,Direct,46-55,South East,1329
17,1611,2024-09-02,155,Books,389,3,176.9924564026907,41,Facebook,56+,South West,1416
62,1612,2024-09-03,187,Sports,426,1,606.328391109265,8,Facebook,26-35,London,501
84,1613,2024-09-04,139,Electronics,417,1,498.8627726564405,19,Google,46-55,South West,747
89,1614,2024-09-05,115,Books,176,3,212.14224994578575,42,Instagram,56+,South East,915
86,1615,2024-09-06,104,Electronics,299,2,314.2419820474521,50,Direct,26-35,London,978
13,1616,2024-09-07,193,Sports,449,1,243.24996922748548,49,Google,56+,South East,467
59,1617,2024-09-08,186,Sports,165,2,382.4307375002878,30,Email,56+,,1393
19,1618,2024-09-09,125,Books,430,1,341.16018332641784,18,Direct,,North West,1209
49,1619,2024-09-10,113,Sports,16,1,416.4410169937468,22,Email,26-35,South West,750
100,1620,2024-09-11,182,Books,205,1,614.9698042905438,11,Instagram,46-55,,1364
12,1621,2024-09-12,133,Clothing,430,1,279.4987074932031,32,Google,18-25,South West,1369
61,1622,2024-09-13,116,Sports,65,4,437.9393715147469,19,Email,,Midlands,513
19,1623,2024-09-14,142,Books,330,2,297.355661243972,31,Instagram,26-35,South East,383
76,1624,2024-09-15,166,Clothing,202,2,236.06930602451465,44,Instagram,56+,South East,912
9,1625,2024-09-16,155,Sports,56,1,481.1059978425477,11,Google,56+,South East,327
71,1626,2024-09-17,199,Clothing,157,1,274.5010863026293,45,Direct,46-55,Midlands,1476
28,1627,2024-09-18,142,Home Decor,284,2,339.42983943189915,28,Facebook,,North West,899
78,1628,2024-09-19,134,Electronics,166,4,588.0840800582638,4,Direct,26-35,South West,585
95,1629,2024-09-20,130,Books,211,3,489.6378383916056,14,Instagram,18-25,North West,1453
52,1630,2024-09-21,113,Sports,453,3,329.66125679535105,26,Google,36-45,Midlands,470
83,1631,2024-09-22,113,Books,411,2,352.8837090139819,26,Facebook,26-35,South East,1010
16,1632,2024-09-23,118,Electronics,485,1,172.06480484972514,44,Google,36-45,South West,614
69,1633,2024-09-24,132,Books,428,1,409.815684623542,22,Facebook,26-35,London,397
99,1634,2024-09-25,196,Clothing,436,4,265.88530269590655,34,Google,56+,,1279
12,1635,2024-09-26,199,Books,488,3,535.3602495862075,15,Facebook,56+,North West,1030
25,1636,2024-09-27,139,Sports,484,4,239.9480151977466,50,Google,18-25,South East,1426
52,1637,2024-09-28,146,Electronics,135,3,511.8478981910654,12,Google,,London,827
85,1638,2024-09-29,129,Electronics,404,2,266.1860764506294,40,Facebook,46-55,North West,803
100,1639,2024-09-30,162,Electronics,314,3,331.9401483071098,30,Facebook,26-35,Midlands,1361
53,1640,2024-10-01,193,Electronics,378,4,310.80627871730746,30,Google,46-55,North West,1280
23,1641,2024-10-02,162,Books,303,4,511.232756127601,13,Instagram,26-35,North West,1209
16,1642,2024-10-03,157,Clothing,73,4,209.9045878186914,45,Email,46-55,North West,270
57,1643,2024-10-04,116,Sports,334,2,510.60846511656047,5,Direct,46-55,South West,1110
39,1644,2024-10-05,156,Books,401,3,291.163134294311,29,Email,26-35,North West,793
53,1645,2024-10-06,110,Electronics,427,3,125.5046984703742,44,Google,36-45,North West,799
42,1646,2024-10-07,130,Clothing,185,4,604.8027506989927,5,Google,26-35,South West,713
58,1647,2024-10-08,125,Clothing,125,3,202.22485990579776,47,Email,18-25,,283
39,1648,2024-10-09,184,Books,449,1,401.57805787732633,36,Instagram,46-55,Midlands,1193
14,1649,2024-10-10,105,Sports,213,1,408.8225619770603,19,Email,26-35,South East,1266
95,1650,2024-10-11,165,Books,495,1,166.1916853265485,44,Facebook,26-35,London,1038
5,1651,2024-10-12,194,Electronics,330,3,248.02334650450567,32,Email,18-25,,805
35,1652,2024-10-13,149,Home Decor,40,2,397.4529605175842,19,Google,18-25,North West,1009
87,1653,2024-10-14,103,Clothing,397,2,497.4305017981872,12,Facebook,,Midlands,332
93,1654,2024-10-15,145,Home Decor,122,2,393.75488721550414,28,Direct,26-35,North West,1288
75,1655,2024-10-16,114,Electronics,374,2,500.6780653781429,9,Facebook,18-25,London,489
18,1656,2024-10-17,130,Electronics,443,1,296.0596806690839,35,Email,46-55,South West,575
76,1657,2024-10-18,168,Sports,334,1,408.9318659662179,20,Google,56+,South East,968
9,1658,2024-10-19,118,Books,423,4,600.0421483895633,2,Email,18-25,Midlands,666
74,1659,2024-10-20,162,Home Decor,385,3,238.2943003847816,31,Google,56+,South West,1436
58,1660,2024-10-21,137,Books,353,3,242.5286716948526,38,Instagram,26-35,South East,1371
17,1661,2024-10-22,125,Sports,452,2,568.2321216982126,6,Direct,,Midlands,670
7,1662,2024-10-23,148,Electronics,76,1,251.64189050187983,39,Instagram,18-25,Midlands,348
46,1663,2024-10-24,165,Books,84,2,149.1928692587913,40,Direct,,London,287
13,1664,2024-10-25,153,Books,54,4,400.4474690759173,21,Email,26-35,South West,595
40,1665,2024-10-26,179,Electronics,269,3,252.5584773423997,40,Facebook,46-55,Midlands,989
42,1666,2024-10-27,173,Books,163,3,445.39779809706727,9,Email,36-45,Midlands,1305
9,1667,2024-10-28,115,Electronics,164,2,198.82100066243405,44,Direct,18-25,South East,1064
50,1668,2024-10-29,149,Books,439,4,607.6598279062382,6,Instagram,26-35,London,1493
27,1669,2024-10-30,188,Home Decor,372,3,362.11431081552905,32,Email,18-25,North West,223
66,1670,2024-10-31,168,Home Decor,457,4,343.2909400925589,33,Google,26-35,London,1155
5,1671,2024-11-01,112,Electronics,484,4,550.982299831132,6,Facebook,56+,North West,510
29,1672,2024-11-02,159,Books,243,2,237.4195755244357,33,Email,36-45,South West,1431
37,1673,2024-11-03,137,Home Decor,60,1,401.0373568172621,26,Email,36-45,South West,863
38,1674,2024-11-04,161,Books,315,2,162.58724304326353,50,Instagram,26-35,,637
83,1675,2024-11-05,143,Clothing,271,1,320.070197720764,30,Direct,46-55,South West,905
8,1676,2024-11-06,170,Sports,324,4,570.3362203214344,9,Direct,18-25,Midlands,621
65,1677,2024-11-07,139,Home Decor,134,1,301.8361182672666,29,Direct,36-45,London,520
86,1678,2024-11-08,156,Sports,408,4,260.3657065092416,30,Email,26-35,South West,786
17,1679,2024-11-09,163,Home Decor,254,3,277.03203814611203,31,Instagram,26-35,London,1146
71,1680,2024-11-10,146,Home Decor,39,3,342.45219865692275,27,Google,,London,1386
89,1681,2024-11-11,188,Sports,435,3,424.73236197725305,17,Instagram,46-55,,1388
45,1682,2024-11-12,111,Home Decor,494,2,704.746941715613,5,Google,18-25,London,1048
4,1683,2024-11-13,162,Home Decor,131,2,368.8549683377013,31,Email,18-25,South West,241
36,1684,2024-11-14,177,Clothing,134,4,481.2588700854019,21,Direct,18-25,South West,1138
70,1685,2024-11-15,198,Books,46,3,281.93171047732494,41,Facebook,46-55,South West,586
31,1686,2024-11-16,125,Books,179,2,437.7964019424469,19,Email,26-35,,1361
19,1687,2024-11-17,171,Clothing,133,3,403.5339235932751,22,Email,36-45,London,1410
61,1688,2024-11-18,152,Clothing,366,2,393.5301476805876,21,Email,,South East,1109
54,1689,2024-11-19,104,Electronics,44,1,664.3652587915775,0,Instagram,56+,South West,915
39,1690,2024-11-20,159,Sports,96,1,338.7633926094732,26,Facebook,36-45,London,630
91,1691,2024-11-21,172,Electronics,143,3,573.3448915091961,5,Instagram,,Midlands,753
74,1692,2024-11-22,120,Clothing,205,4,339.93653023965004,27,Instagram,36-45,South West,999
90,1693,2024-11-23,193,Clothing,283,2,247.30232063759456,44,Google,,,625
19,1694,2024-11-24,163,Home Decor,210,2,326.66244544877026,34,Facebook,46-55,,225
39,1695,2024-11-25,154,Home Decor,378,1,622.8140802477277,0,Facebook,26-35,North West,584
67,1696,2024-11-26,174,Sports,294,1,295.6718698036417,38,Facebook,56+,North West,255
45,1697,2024-11-27,198,Sports,86,4,560.7704146673146,8,Instagram,18-25,South West,1476
13,1698,2024-11-28,157,Electronics,68,4,256.6351600110896,38,Email,26-35,London,833
92,1699,2024-11-29,190,Electronics,440,4,203.1521365039728,41,Email,18-25,,305
58,1700,2024-11-30,141,Electronics,135,3,357.55999021053924,20,Instagram,56+,,1353
20,1701,2024-12-01,103,Clothing,410,1,279.9700730685556,35,Email,46-55,London,1048
92,1702,2024-12-02,106,Sports,118,3,255.9824975314502,43,Instagram,56+,South West,869
72,1703,2024-12-03,105,Clothing,233,1,227.14433778472923,43,Google,36-45,Midlands,575
61,1704,2024-12-04,105,Books,287,1,430.0163738533125,22,Facebook,56+,North West,942
39,1705,2024-12-05,154,Sports,77,2,496.5366939789795,12,Facebook,36-45,London,1166
1,1706,2024-12-06,147,Sports,78,1,648.9226425376721,0,Facebook,26-35,,507
3,1707,2024-12-07,187,Home Decor,174,1,395.8868023374428,26,Instagram,36-45,South West,290
77,1708,2024-12-08,149,Clothing,498,3,348.6498981508801,27,Email,26-35,London,1001
92,1709,2024-12-09,109,Books,314,1,196.50458822193195,37,Direct,18-25,Midlands,309
62,1710,2024-12-10,199,Books,406,3,208.8340851839212,39,Google,46-55,South West,784
63,1711,2024-12-11,120,Sports,171,4,323.0467823675386,36,Instagram,26-35,,539
25,1712,2024-12-12,161,Sports,374,1,638.5489952682992,8,Email,36-45,South West,1178
56,1713,2024-12-13,135,Home Decor,351,1,423.7675168483536,16,Instagram,46-55,South West,555
33,1714,2024-12-14,150,Clothing,318,3,524.786649393084,14,Google,46-55,North West,367
38,1715,2024-12-15,182,Electronics,388,4,437.8265615421414,25,Direct,46-55,North West,756
6,1716,2024-12-16,162,Books,352,2,129.0353875963685,50,Instagram,56+,South West,1104
58,1717,2024-12-17,117,Electronics,444,4,394.7905294435745,14,Direct,56+,North West,304
44,1718,2024-12-18,188,Electronics,396,3,525.4807412934769,6,Instagram,46-55,London,349
45,1719,2024-12-19,103,Home Decor,51,4,275.8519309316846,38,Instagram,26-35,North West,345
32,1720,2024-12-20,132,Sports,363,3,461.6882291033775,14,Email,56+,North West,915
45,1721,2024-12-21,199,Books,425,3,529.3334794605678,18,Facebook,18-25,South West,1073
61,1722,2024-12-22,113,Electronics,118,2,285.190930567963,43,Direct,46-55,London,498
47,1723,2024-12-23,189,Clothing,60,1,477.5386129725874,9,Instagram,46-55,South East,1390
21,1724,2024-12-24,173,Sports,259,3,515.3048209649886,18,Facebook,46-55,South East,845
80,1725,2024-12-25,168,Sports,350,3,310.22433916370164,33,Email,18-25,Midlands,922
85,1726,2024-12-26,114,Books,439,2,524.6650547043704,10,Instagram,56+,North West,1271
75,1727,2024-12-27,198,Sports,392,3,483.31953264190975,18,Facebook,56+,North West,837
36,1728,2024-12-28,111,Home Decor,30,1,388.8745881739751,30,Google,56+,London,438
99,1729,2024-12-29,156,Electronics,309,2,536.9012019168971,4,Email,36-45,South East,1230
19,1730,2024-12-30,167,Clothing,148,1,277.15917853561695,39,Direct,26-35,,663
20,1731,2024-12-31,192,Home Decor,368,1,476.3385700993354,18,Facebook,46-55,,652
57,1732,2025-01-01,129,Clothing,333,2,407.39229525863306,21,Direct,56+,North West,983
18,1733,2025-01-02,109,Home Decor,394,3,396.9444974943427,23,Email,36-45,South East,1096
47,1734,2025-01-03,167,Sports,101,1,422.3850147821311,23,Direct,56+,Midlands,570
49,1735,2025-01-04,125,Electronics,456,1,496.8129357513418,18,Facebook,26-35,South West,686
14,1736,2025-01-05,198,Clothing,289,1,565.7703155257475,13,Email,26-35,South East,1434
15,1737,2025-01-06,176,Books,134,1,471.9294119222939,15,Google,,Midlands,364
31,1738,2025-01-07,142,Books,492,2,586.4378961069875,10,Facebook,,London,1348
1,1739,2025-01-08,109,Books,406,2,552.4502782375813,9,Instagram,46-55,,391
54,1740,2025-01-09,179,Books,120,4,268.2246389567887,45,Google,56+,,929
3,1741,2025-01-10,140,Books,363,4,264.353800739972,35,Email,,Midlands,413
16,1742,2025-01-11,125,Clothing,148,1,468.4780797098513,20,Facebook,,North West,773
87,1743,2025-01-12,105,Electronics,493,3,591.6806203312207,9,Google,36-45,South East,1156
57,1744,2025-01-13,111,Books,444,1,329.4252164192561,31,Google,46-55,North West,580
75,1745,2025-01-14,159,Books,282,3,129.8853856367871,44,Instagram,26-35,South West,872
12,1746,2025-01-15,198,Books,108,1,521.6689861099563,13,Email,56+,,997
74,1747,2025-01-16,188,Clothing,261,4,465.1183727231549,19,Email,,North West,438
96,1748,2025-01-17,179,Clothing,347,4,313.1747216286458,35,Email,56+,South East,899
16,1749,2025-01-18,138,Books,113,3,664.2486980734999,0,Direct,36-45,South West,1305
72,1750,2025-01-19,172,Sports,223,1,321.424781490163,23,Google,18-25,London,704
76,1751,2025-01-20,105,Sports,258,3,395.6093137170951,30,Google,56+,North West,401
24,1752,2025-01-21,148,Home Decor,161,4,296.6224090786702,35,Direct,18-25,South West,1119
28,1753,2025-01-22,190,Electronics,259,1,545.618566801709,16,Instagram,36-45,London,236
8,1754,2025-01-23,118,Books,284,1,219.4555497451117,44,Instagram,,North West,843
92,1755,2025-01-24,170,Home Decor,174,3,470.0846522126376,15,Instagram,36-45,South West,964
36,1756,2025-01-25,137,Electronics,496,2,149.95162274917695,48,Facebook,,South West,905
90,1757,2025-01-26,160,Home Decor,350,3,222.49062193464235,31,Instagram,36-45,North West,1399
8,1758,2025-01-27,148,Books,17,4,556.0581252583964,4,Direct,56+,South West,744
58,1759,2025-01-28,177,Electronics,293,4,444.63962704683377,21,Facebook,26-35,Midlands,1424
60,1760,2025-01-29,128,Electronics,14,4,565.9255225416063,16,Direct,18-25,North West,739
50,1761,2025-01-30,169,Home Decor,154,4,397.9851516671533,21,Facebook,46-55,South West,1216
28,1762,2025-01-31,177,Home Decor,110,4,556.749008626647,8,Instagram,,London,593
92,1763,2025-02-01,181,Books,173,2,315.57372321870787,34,Direct,26-35,London,1032
41,1764,2025-02-02,140,Sports,383,1,580.5939005977042,6,Facebook,56+,Midlands,1265
100,1765,2025-02-03,145,Electronics,156,3,287.1739888061452,42,Direct,,North West,796
64,1766,2025-02-04,196,Books,73,3,466.368134843302,10,Facebook,46-55,South West,592
27,1767,2025-02-05,162,Clothing,100,4,466.2463115331125,27,Email,36-45,South West,899
63,1768,2025-02-06,193,Clothing,126,3,575.2694901370304,12,Instagram,46-55,London,640
17,1769,2025-02-07,158,Electronics,363,4,320.3219024858637,33,Direct,56+,Midlands,1117
73,1770,2025-02-08,167,Sports,276,2,281.7719099136878,32,Email,46-55,London,519
33,1771,2025-02-09,156,Books,319,2,192.90770241145103,41,Instagram,46-55,London,752
84,1772,2025-02-10,140,Home Decor,182,1,345.2735195546296,25,Instagram,36-45,Midlands,1438
77,1773,2025-02-11,198,Electronics,56,2,385.6130486028822,24,Direct,56+,North West,1294
92,1774,2025-02-12,140,Electronics,149,2,572.6510142228038,4,Direct,26-35,South West,767
29,1775,2025-02-13,191,Home Decor,255,1,376.23966358895046,22,Facebook,26-35,North West,1118
13,1776,2025-02-14,177,Clothing,158,3,613.8427899703521,0,Email,56+,South East,435
46,1777,2025-02-15,133,Clothing,255,4,168.03017358055237,42,Email,26-35,South East,1186
35,1778,2025-02-16,106,Clothing,404,4,373.3008513172292,35,Direct,56+,South East,1385
6,1779,2025-02-17,188,Electronics,496,3,552.517848834124,15,Instagram,26-35,Midlands,1414
82,1780,2025-02-18,119,Clothing,485,1,474.5736130268977,25,Direct,36-45,London,1232
69,1781,2025-02-19,180,Books,14,3,377.38560098546833,32,Instagram,26-35,North West,259
47,1782,2025-02-20,140,Home Decor,474,2,266.6534288477674,39,Instagram,46-55,South West,1092
25,1783,2025-02-21,192,Home Decor,193,1,491.9522744129394,3,Direct,56+,South East,424
66,1784,2025-02-22,197,Clothing,29,1,568.8682055761046,11,Google,,North West,899
10,1785,2025-02-23,159,Electronics,434,1,527.1122866780852,7,Email,18-25,South East,781
56,1786,2025-02-24,159,Clothing,55,4,529.5336938773492,10,Instagram,56+,South East,1193
30,1787,2025-02-25,148,Electronics,21,3,395.9003926875232,32,Email,36-45,South West,368
5,1788,2025-02-26,141,Sports,79,1,322.1346497730726,31,Google,56+,Midlands,1285
33,1789,2025-02-27,113,Sports,26,1,546.8169591631525,10,Facebook,36-45,,213
65,1790,2025-02-28,145,Clothing,380,1,602.7040570094205,0,Google,26-35,Midlands,363
18,1791,2025-03-01,189,Clothing,156,3,579.6829004417694,15,Google,56+,North West,956
96,1792,2025-03-02,153,Clothing,163,4,207.67929170974853,48,Instagram,56+,Midlands,1251
49,1793,2025-03-03,142,Sports,313,2,372.8309167956887,27,Email,36-45,North West,645
11,1794,2025-03-04,200,Electronics,117,4,387.952447685321,25,Direct,36-45,North West,1431
85,1795,2025-03-05,163,Electronics,245,1,589.8596412369051,7,Email,36-45,London,915
26,1796,2025-03-06,127,Clothing,317,4,442.8416161925293,25,Direct,46-55,South West,1175
63,1797,2025-03-07,138,Home Decor,361,4,330.7962373040488,39,Google,46-55,London,1018
89,1798,2025-03-08,160,Electronics,79,2,345.05566233790137,34,Google,26-35,Midlands,303
86,1799,2025-03-09,107,Sports,192,3,429.3654862785818,21,Facebook,46-55,North West,941
59,1800,2025-03-10,105,Home Decor,259,3,436.50365343360585,22,Email,18-25,South East,625
27,1801,2025-03-11,145,Home Decor,237,4,292.95660433075926,33,Google,46-55,South East,1324
49,1802,2025-03-12,158,Home Decor,111,4,444.5424498910962,22,Google,26-35,North West,838
77,1803,2025-03-13,131,Books,84,3,660.9857437036367,3,Email,46-55,London,1049
33,1804,2025-03-14,123,Clothing,426,3,536.6566610635849,16,Facebook,18-25,South West,1329
98,1805,2025-03-15,142,Sports,455,2,167.6884074034383,47,Google,36-45,London,968
99,1806,2025-03-16,110,Books,225,1,205.03496074388693,36,Email,18-25,North West,476
1,1807,2025-03-17,132,Sports,416,4,167.98115965042058,47,Google,56+,North West,1288
21,1808,2025-03-18,153,Sports,408,3,181.41585446050837,50,Instagram,18-25,,1099
55,1809,2025-03-19,130,Home Decor,420,4,460.4147681053712,17,Instagram,26-35,Midlands,387
6,1810,2025-03-20,139,Home Decor,212,4,534.3878109963213,16,Direct,36-45,Midlands,1361
92,1811,2025-03-21,131,Clothing,201,3,494.045853519932,13,Google,36-45,South West,304
81,1812,2025-03-22,182,Books,258,2,280.491997506935,38,Facebook,,Midlands,745
69,1813,2025-03-23,200,Books,251,4,398.2404445369029,28,Google,26-35,,579
95,1814,2025-03-24,102,Books,474,2,648.2818186615142,0,Direct,18-25,Midlands,309
5,1815,2025-03-25,178,Clothing,188,3,569.4553699942143,14,Email,46-55,Midlands,744
3,1816,2025-03-26,177,Home Decor,446,1,537.8143463691848,8,Facebook,56+,Midlands,553
53,1817,2025-03-27,193,Sports,471,1,527.6037717042738,18,Direct,18-25,South East,942
23,1818,2025-03-28,112,Electronics,228,4,353.36514277569086,25,Email,56+,Midlands,516
53,1819,2025-03-29,139,Home Decor,91,3,589.8616842876434,2,Google,26-35,South East,1489
37,1820,2025-03-30,166,Sports,101,2,225.54151942727617,46,Email,,South West,1288
74,1821,2025-03-31,196,Books,444,4,352.51087837174504,30,Direct,,London,532
74,1822,2025-04-01,113,Sports,184,3,167.58854592732513,47,Email,46-55,South West,1356
83,1823,2025-04-02,146,Books,248,3,462.95827096071207,21,Facebook,46-55,London,791
17,1824,2025-04-03,127,Home Decor,269,2,296.5858007707938,45,Email,56+,South West,982
85,1825,2025-04-04,117,Books,400,4,601.7245285626121,5,Email,26-35,London,739
78,1826,2025-04-05,195,Clothing,374,3,619.7934416298139,11,Google,26-35,London,934
73,1827,2025-04-06,198,Books,172,3,412.8119632129285,21,Email,,,820
1,1828,2025-04-07,160,Sports,57,3,159.12960294203754,48,Google,26-35,London,818
51,1829,2025-04-08,164,Clothing,338,2,469.685652183216,12,Facebook,18-25,London,1108
45,1830,2025-04-09,188,Clothing,337,4,365.9936842273684,37,Direct,36-45,North West,1191
77,1831,2025-04-10,135,Sports,125,4,281.88600071225,39,Facebook,36-45,Midlands,298
4,1832,2025-04-11,170,Sports,438,4,175.77790499912916,43,Instagram,36-45,Midlands,516
62,1833,2025-04-12,183,Home Decor,346,4,413.5896320122066,26,Instagram,26-35,North West,322
65,1834,2025-04-13,130,Home Decor,346,1,424.6150652091024,24,Instagram,26-35,South East,998
32,1835,2025-04-14,171,Electronics,378,1,431.21084993283625,14,Google,18-25,London,656
34,1836,2025-04-15,174,Home Decor,234,4,644.6250358472064,1,Email,46-55,London,721
92,1837,2025-04-16,196,Electronics,361,2,516.779614395657,17,Facebook,56+,North West,719
95,1838,2025-04-17,198,Home Decor,337,1,482.063540261908,17,Facebook,,North West,1116
72,1839,2025-04-18,163,Clothing,156,3,417.91806022424174,27,Facebook,36-45,South East,916
39,1840,2025-04-19,128,Books,72,1,242.14436897605535,40,Facebook,46-55,Midlands,514
26,1841,2025-04-20,160,Sports,303,3,497.8830440820716,13,Instagram,26-35,South West,908
34,1842,2025-04-21,179,Home Decor,332,4,389.8425519083504,34,Facebook,18-25,Midlands,909
54,1843,2025-04-22,194,Books,452,1,153.10227660215511,50,Email,36-45,London,1243
3,1844,2025-04-23,137,Sports,334,2,330.57340730357646,25,Instagram,36-45,North West,759
50,1845,2025-04-24,193,Electronics,22,1,112.4574235040509,42,Facebook,26-35,South East,1168
12,1846,2025-04-25,122,Electronics,440,1,334.58692982133783,31,Google,56+,Midlands,1353
65,1847,2025-04-26,168,Clothing,198,1,467.52000220059466,16,Direct,46-55,South East,1355
54,1848,2025-04-27,120,Home Decor,296,4,484.8554202735417,10,Direct,26-35,Midlands,555
5,1849,2025-04-28,196,Electronics,217,2,292.85537713837954,44,Direct,18-25,London,1277
94,1850,2025-04-29,200,Home Decor,123,1,454.2859096905348,20,Instagram,56+,South West,1089
94,1851,2025-04-30,168,Sports,489,2,349.0420521958563,25,Facebook,36-45,South East,992
57,1852,2025-05-01,191,Home Decor,31,4,427.7291152939303,18,Instagram,46-55,,464
17,1853,2025-05-02,164,Clothing,358,3,198.2452048968739,45,Email,46-55,South West,1181
47,1854,2025-05-03,117,Electronics,223,1,473.7293980622933,16,Google,46-55,,1438
23,1855,2025-05-04,112,Sports,180,2,309.0644679351152,39,Google,,South East,1001
79,1856,2025-05-05,122,Electronics,332,2,444.06904642081577,13,Direct,56+,,242
85,1857,2025-05-06,117,Electronics,63,4,523.2042781059054,16,Direct,26-35,Midlands,1061
14,1858,2025-05-07,110,Electronics,403,1,582.2045266279263,8,Direct,18-25,,1353
66,1859,2025-05-08,165,Sports,307,3,561.0178048925981,6,Facebook,26-35,London,549
75,1860,2025-05-09,122,Sports,329,2,220.30009432716489,46,Email,,South East,1329
51,1861,2025-05-10,190,Home Decor,135,1,423.3999501614574,26,Email,18-25,London,1111
38,1862,2025-05-11,182,Books,286,3,382.2570307679605,24,Email,46-55,,200
64,1863,2025-05-12,150,Home Decor,473,2,336.290078185328,33,Email,56+,South West,783
98,1864,2025-05-13,114,Electronics,213,2,403.8294883769263,29,Direct,46-55,Midlands,631
38,1865,2025-05-14,164,Clothing,203,3,545.4172635818404,7,Google,46-55,South East,252
50,1866,2025-05-15,147,Books,178,3,199.59399339479356,46,Direct,18-25,North West,1139
98,1867,2025-05-16,129,Electronics,161,4,593.9185325833976,4,Email,,South West,719
82,1868,2025-05-17,176,Sports,44,1,241.7979375340601,43,Direct,,South East,1337
30,1869,2025-05-18,136,Books,193,1,260.2656048415378,32,Email,46-55,London,346
79,1870,2025-05-19,199,Clothing,295,4,550.0721871657514,7,Instagram,56+,Midlands,1389
91,1871,2025-05-20,152,Clothing,66,2,265.364971888092,31,Google,56+,,1362
51,1872,2025-05-21,176,Home Decor,231,3,446.8698657304658,10,Instagram,26-35,South West,828
63,1873,2025-05-22,107,Books,312,3,596.5503189216776,6,Facebook,26-35,South West,498
98,1874,2025-05-23,129,Home Decor,172,3,365.609469741764,26,Direct,56+,London,1499
52,1875,2025-05-24,111,Electronics,28,2,453.03773338118447,9,Facebook,56+,South West,988
38,1876,2025-05-25,133,Sports,379,3,623.4671732899561,15,Direct,36-45,South East,1049
97,1877,2025-05-26,106,Electronics,273,3,295.923444390831,32,Instagram,56+,South West,377
88,1878,2025-05-27,179,Home Decor,291,4,204.5763870637409,43,Facebook,56+,Midlands,1041
79,1879,2025-05-28,132,Books,122,2,571.0767419131965,11,Email,46-55,South East,1377
30,1880,2025-05-29,151,Home Decor,497,1,489.15041400857376,4,Direct,,North West,1424
51,1881,2025-05-30,175,Books,336,4,521.2211418450881,2,Email,56+,South West,1077
81,1882,2025-05-31,158,Electronics,39,4,402.7838806711311,26,Instagram,46-55,South West,1338
5,1883,2025-06-01,187,Clothing,144,1,468.7796917592576,7,Email,36-45,Midlands,958
29,1884,2025-06-02,126,Home Decor,76,4,618.5306517708091,2,Instagram,,Midlands,1291
4,1885,2025-06-03,198,Clothing,74,2,218.65161348425795,46,Facebook,,London,644
10,1886,2025-06-04,146,Electronics,301,3,310.02900966169153,38,Instagram,18-25,London,907
56,1887,2025-06-05,198,Books,34,2,263.1673222475062,42,Google,46-55,London,801
17,1888,2025-06-06,129,Sports,46,1,515.2059953571274,14,Google,56+,Midlands,344
74,1889,2025-06-07,104,Books,10,1,316.0143478667828,34,Google,46-55,London,474
17,1890,2025-06-08,181,Sports,408,4,254.80040235769272,44,Direct,36-45,London,708
84,1891,2025-06-09,199,Electronics,46,2,335.70585423608907,26,Facebook,26-35,North West,1402
88,1892,2025-06-10,113,Books,150,2,487.4814824501223,14,Direct,26-35,London,952
69,1893,2025-06-11,139,Clothing,241,1,323.140996849081,27,Instagram,56+,South West,676
34,1894,2025-06-12,115,Books,145,2,326.51717364895364,30,Direct,26-35,Midlands,1376
6,1895,2025-06-13,129,Sports,398,1,351.5064215847072,31,Facebook,26-35,South East,1327
53,1896,2025-06-14,129,Clothing,197,2,440.50211341845744,15,Google,,North West,1298
66,1897,2025-06-15,175,Sports,137,2,442.4901480655884,23,Instagram,56+,Midlands,1351
77,1898,2025-06-16,132,Clothing,210,2,309.7790966466372,41,Facebook,56+,Midlands,865
43,1899,2025-06-17,102,Home Decor,136,1,459.712053126213,22,Instagram,18-25,South West,767
75,1900,2025-06-18,147,Electronics,266,4,583.1278157745099,6,Instagram,,London,730
23,1901,2025-06-19,178,Electronics,173,2,460.556885616822,18,Email,26-35,South West,358
55,1902,2025-06-20,184,Sports,44,1,167.17583219319465,44,Facebook,,London,880
80,1903,2025-06-21,122,Electronics,203,1,282.49502739515054,36,Direct,,London,222
95,1904,2025-06-22,175,Sports,200,2,327.09634382376385,32,Direct,36-45,Midlands,1270
75,1905,2025-06-23,127,Sports,113,2,173.1545685676959,43,Google,56+,London,724
16,1906,2025-06-24,167,Electronics,32,4,539.0700933168058,9,Facebook,18-25,North West,928
8,1907,2025-06-25,181,Electronics,274,1,266.4409913734623,43,Instagram,46-55,North West,343
4,1908,2025-06-26,156,Books,299,1,189.0518206539101,44,Direct,18-25,North West,867
4,1909,2025-06-27,192,Electronics,439,3,207.6796080568153,31,Direct,56+,Midlands,880
56,1910,2025-06-28,193,Sports,471,1,513.2322325537727,7,Google,26-35,South West,1172
25,1911,2025-06-29,121,Books,393,4,381.3572526627912,18,Instagram,56+,South East,998
67,1912,2025-06-30,147,Sports,269,3,148.5172621923859,50,Email,18-25,London,284
96,1913,2025-07-01,180,Clothing,423,3,407.4882561829778,20,Google,18-25,South East,615
67,1914,2025-07-02,159,Sports,488,3,579.8457851049278,3,Instagram,56+,South West,893
27,1915,2025-07-03,184,Home Decor,367,2,318.6127183610189,42,Facebook,26-35,South West,681
93,1916,2025-07-04,106,Sports,84,2,428.5834573274176,17,Instagram,36-45,Midlands,655
32,1917,2025-07-05,119,Clothing,364,1,297.01863231100265,35,Instagram,56+,North West,1026
50,1918,2025-07-06,157,Clothing,81,3,394.9477581583821,26,Google,56+,North West,496
61,1919,2025-07-07,169,Clothing,268,4,477.0330440212931,15,Email,36-45,South West,1335
51,1920,2025-07-08,103,Sports,407,2,607.7320624425956,4,Instagram,36-45,Midlands,1453
19,1921,2025-07-09,101,Sports,197,4,534.8809998115528,15,Instagram,46-55,Midlands,1319
21,1922,2025-07-10,158,Electronics,470,4,315.5284031510436,41,Email,18-25,,1149
5,1923,2025-07-11,138,Books,182,2,345.62990691869527,25,Instagram,18-25,,879
82,1924,2025-07-12,115,Clothing,489,2,679.1169224098845,4,Email,56+,South West,577
92,1925,2025-07-13,134,Home Decor,299,2,253.0299716010868,41,Google,,,1379
42,1926,2025-07-14,161,Sports,54,2,251.2943670181271,39,Facebook,56+,North West,620
61,1927,2025-07-15,135,Clothing,70,3,553.7857806168994,0,Google,36-45,London,304
22,1928,2025-07-16,164,Electronics,92,3,455.57089452358673,23,Facebook,18-25,Midlands,529
21,1929,2025-07-17,125,Clothing,132,3,337.00514913166853,27,Facebook,46-55,South West,638
70,1930,2025-07-18,124,Electronics,367,3,173.29610117194488,49,Google,26-35,North West,1355
1,1931,2025-07-19,112,Books,25,1,277.12142028549414,44,Direct,46-55,South East,581
5,1932,2025-07-20,118,Sports,75,3,233.4237137863065,32,Google,26-35,,337
12,1933,2025-07-21,115,Clothing,433,2,509.02155891813584,12,Instagram,18-25,London,1142
90,1934,2025-07-22,180,Electronics,154,4,327.748686887509,26,Instagram,18-25,North West,1042
46,1935,2025-07-23,127,Home Decor,384,3,482.3940247335513,17,Direct,,South East,469
34,1936,2025-07-24,172,Clothing,171,1,226.910792696485,35,Direct,36-45,London,595
49,1937,2025-07-25,160,Home Decor,243,2,392.0669237250223,38,Email,26-35,South West,1112
78,1938,2025-07-26,146,Home Decor,389,4,243.6523122085162,40,Instagram,46-55,London,663
90,1939,2025-07-27,189,Books,153,4,444.1635955517028,13,Direct,,South East,649
45,1940,2025-07-28,117,Clothing,367,3,317.1917429476693,35,Google,46-55,Midlands,1476
27,1941,2025-07-29,193,Clothing,197,4,159.02726599762747,41,Direct,18-25,Midlands,1497
73,1942,2025-07-30,153,Sports,331,3,317.66155126130406,38,Facebook,36-45,North West,219
26,1943,2025-07-31,108,Electronics,459,3,338.8365867019006,29,Google,56+,South East,438
47,1944,2025-08-01,179,Books,483,2,594.4617789506766,2,Email,56+,London,1493
86,1945,2025-08-02,127,Clothing,22,2,254.20365380032504,38,Instagram,26-35,London,617
56,1946,2025-08-03,146,Books,193,1,444.2579988732009,18,Instagram,18-25,Midlands,1254
94,1947,2025-08-04,150,Clothing,120,2,203.2128554623855,44,Direct,56+,Midlands,1327
63,1948,2025-08-05,171,Books,424,2,247.3727061079778,39,Google,36-45,South West,385
48,1949,2025-08-06,103,Home Decor,299,3,331.7968539179646,32,Direct,18-25,Midlands,1351
61,1950,2025-08-07,193,Clothing,304,2,581.2142299645699,8,Google,18-25,South West,1433
81,1951,2025-08-08,164,Books,460,3,607.8747290785386,8,Direct,56+,London,452
26,1952,2025-08-09,144,Electronics,401,3,420.9177437520394,20,Direct,36-45,South West,218
36,1953,2025-08-10,153,Home Decor,224,2,497.9792208965504,17,Facebook,26-35,South West,911
1,1954,2025-08-11,124,Home Decor,471,1,185.3452213503585,50,Direct,46-55,North West,1359
8,1955,2025-08-12,160,Electronics,129,1,527.5297769163844,1,Facebook,36-45,Midlands,422
99,1956,2025-08-13,103,Electronics,391,4,209.54202544924905,32,Google,18-25,South West,202
52,1957,2025-08-14,120,Sports,64,4,208.69433839367116,41,Email,36-45,London,1459
79,1958,2025-08-15,146,Electronics,36,2,444.46842826670473,27,Instagram,18-25,South East,1053
47,1959,2025-08-16,115,Books,127,1,540.5483675799815,6,Direct,56+,South West,427
56,1960,2025-08-17,125,Electronics,230,3,154.9600660668024,46,Direct,56+,Midlands,1112
86,1961,2025-08-18,194,Home Decor,240,4,442.23424161852927,18,Google,46-55,North West,698
14,1962,2025-08-19,178,Sports,62,3,529.5250040565353,6,Direct,46-55,London,720
90,1963,2025-08-20,171,Books,304,4,321.32869643653635,29,Google,46-55,North West,901
28,1964,2025-08-21,117,Sports,330,2,460.5252292602637,24,Google,56+,South East,1116
87,1965,2025-08-22,184,Clothing,410,1,504.9540604572753,8,Direct,,South West,1362
78,1966,2025-08-23,200,Electronics,242,4,320.23346137068904,42,Direct,56+,South West,1499
88,1967,2025-08-24,109,Electronics,167,1,371.58317050713526,24,Google,36-45,,490
2,1968,2025-08-25,138,Electronics,446,3,331.48295553075803,29,Facebook,56+,,1276
26,1969,2025-08-26,148,Books,278,2,602.0685759582492,6,Email,56+,London,1333
14,1970,2025-08-27,160,Books,30,1,455.6007855728001,22,Facebook,18-25,South East,914
59,1971,2025-08-28,163,Clothing,412,2,250.58153682734184,45,Facebook,46-55,North West,1147
56,1972,2025-08-29,186,Sports,62,1,538.6077617527368,3,Google,18-25,South East,847
7,1973,2025-08-30,102,Clothing,284,3,390.7170575097471,25,Instagram,46-55,South West,1227
3,1974,2025-08-31,188,Clothing,322,3,494.475221204788,19,Direct,,North West,883
23,1975,2025-09-01,172,Electronics,290,2,302.31481623182,37,Instagram,,,1069
18,1976,2025-09-02,111,Electronics,223,3,497.864140099565,11,Facebook,46-55,South East,1270
38,1977,2025-09-03,164,Books,40,4,433.8958581104384,16,Google,26-35,North West,293
99,1978,2025-09-04,177,Clothing,346,1,655.0371123153456,4,Direct,26-35,North West,1139
15,1979,2025-09-05,181,Clothing,192,3,460.9642396098926,25,Facebook,36-45,North West,759
64,1980,2025-09-06,172,Electronics,32,4,595.7270347094611,3,Facebook,46-55,London,412
89,1981,2025-09-07,121,Clothing,41,2,530.5513011850974,0,Google,18-25,,635
28,1982,2025-09-08,118,Books,455,4,348.40455859054265,22,Email,18-25,North West,1051
74,1983,2025-09-09,194,Books,83,2,528.8600098704597,12,Direct,36-45,South East,707
39,1984,2025-09-10,164,Clothing,19,2,124.32791034266243,45,Email,26-35,,1035
57,1985,2025-09-11,182,Clothing,493,1,516.5478146186915,12,Email,46-55,Midlands,850
17,1986,2025-09-12,195,Clothing,465,1,327.95484767224,32,Instagram,26-35,Midlands,404
86,1987,2025-09-13,138,Clothing,63,4,492.1590008461626,15,Google,,Midlands,580
90,1988,2025-09-14,132,Clothing,61,1,261.6706234097373,39,Facebook,56+,South West,1296
44,1989,2025-09-15,111,Home Decor,157,1,247.8697127814339,41,Google,36-45,North West,1299
25,1990,2025-09-16,145,Books,169,1,418.97500651859576,29,Instagram,,South West,276
17,1991,2025-09-17,189,Sports,379,4,149.68783144225458,48,Google,36-45,South East,1015
13,1992,2025-09-18,133,Sports,23,3,275.63793279891024,33,Facebook,18-25,South West,967
84,1993,2025-09-19,141,Home Decor,187,1,487.98992844303,22,Email,46-55,South East,609
25,1994,2025-09-20,108,Clothing,421,1,360.1272357763962,32,Direct,56+,South East,305
68,1995,2025-09-21,111,Home Decor,375,4,98.26580436453496,50,Direct,46-55,South East,750
10,1996,2025-09-22,186,Home Decor,62,3,395.59085605536137,23,Direct,18-25,South West,1025
67,1997,2025-09-23,151,Home Decor,417,1,565.3173396032404,15,Instagram,56+,North West,1498
18,1998,2025-09-24,188,Books,344,2,380.589664772952,24,Instagram,46-55,South West,287
100,1999,2025-09-25,141,Sports,31,4,636.1162637684877,0,Instagram,,North West,1080
86,2000,2025-09-26,117,Clothing,39,1,443.6696320480201,25,Email,56+,North West,1300